iter	TotalF1	MultiClass
0	0.8041343219	1.019106182
1	0.8046074199	0.953654609
2	0.8041165247	0.8988633688
3	0.8047829639	0.8521177568
4	0.8045190441	0.8119619795
5	0.8051944597	0.7770495589
6	0.8052226443	0.7465479468
7	0.8053317087	0.7196870415
8	0.8050561298	0.695900701
9	0.805154565	0.6748112105
10	0.8167797034	0.6246612748
11	0.8288814716	0.5822466807
12	0.8479766964	0.545674371
13	0.857660673	0.5137326335
14	0.9091278522	0.485675322
15	0.9218256787	0.4610920264
16	0.9276713096	0.4388753691
17	0.9276246072	0.4194496169
18	0.9277526212	0.4016601608
19	0.9281003804	0.385735731
20	0.9280697258	0.3715130328
21	0.9281535796	0.3587420526
22	0.9283096421	0.3470956582
23	0.9283763066	0.3366645534
24	0.9283286356	0.3271108736
25	0.9284619422	0.3183907159
26	0.9286524219	0.3105043744
27	0.9297489265	0.2972857835
28	0.9302208052	0.2860192322
29	0.9308134926	0.27611811
30	0.9323547476	0.267611897
31	0.9343598528	0.2598407584
32	0.936857387	0.2532862001
33	0.9394170571	0.2471970266
34	0.9407750906	0.2415414033
35	0.9423885842	0.236574189
36	0.9459702248	0.2319530132
37	0.9464426913	0.2277502853
38	0.9469654487	0.2239082453
39	0.9475008399	0.2205891689
40	0.947589523	0.2177228884
41	0.9476658448	0.2147667868
42	0.9477188916	0.2121471462
43	0.9478175381	0.2099270247
44	0.9478330892	0.2075693979
45	0.9478408687	0.2055685194
46	0.9478889315	0.2037701741
47	0.9479030151	0.2019763798
48	0.9479410883	0.2004985554
49	0.9480191151	0.1990794646
50	0.948056072	0.1977971317
51	0.9480776462	0.1963990074
52	0.9480836384	0.1952364963
53	0.9480960051	0.194092212
54	0.9480988309	0.1929829551
55	0.9481218919	0.1920923751
56	0.948116085	0.1912517661
57	0.9481393805	0.1903949454
58	0.9481392804	0.1895632347
59	0.9481539152	0.1889775413
60	0.9481441219	0.1884237166
61	0.9481657119	0.1876344938
62	0.948176081	0.1868110928
63	0.9482441177	0.186058618
64	0.9483154316	0.1853936774
65	0.9483325141	0.1847423787
66	0.9483227885	0.184263069
67	0.9483637577	0.1837362223
68	0.9484609723	0.1832043604
69	0.9484898775	0.1828372421
70	0.9484792909	0.1824301266
71	0.948554851	0.1820114071
72	0.9485233913	0.1816441642
73	0.9485618599	0.1810385572
74	0.9485962834	0.1805402734
75	0.948650134	0.180073598
76	0.948763474	0.1796673882
77	0.9488055223	0.1793551316
78	0.9488215252	0.1790557357
79	0.9488384436	0.1787544944
80	0.948903314	0.1784838653
81	0.9489849131	0.178236297
82	0.9490190743	0.1780564285
83	0.9490222832	0.1778198077
84	0.949053285	0.1775265705
85	0.9490688401	0.1772630282
86	0.9490996981	0.1770511212
87	0.9491354736	0.1768601468
88	0.9491315104	0.1765729436
89	0.9491690606	0.1764144266
90	0.9491569703	0.1762031649
91	0.9491539826	0.176037493
92	0.949204405	0.1758538319
93	0.9492055999	0.1755987692
94	0.9492392776	0.1754251046
95	0.9492444739	0.1752764255
96	0.949237667	0.1751111272
97	0.9492826891	0.1749280775
98	0.9492997917	0.1748174597
99	0.9493120459	0.1746819018
100	0.9493189946	0.1745600309
101	0.9493104681	0.1743494711
102	0.9493136071	0.174252631
103	0.9493261014	0.1740838798
104	0.9493467285	0.1739493973
105	0.9493693924	0.173782231
106	0.949396135	0.1736554128
107	0.9493955564	0.1735722259
108	0.949447474	0.1734411171
109	0.9494164388	0.1732846152
110	0.949452343	0.1731389362
111	0.9494997363	0.1729893967
112	0.9494964497	0.1728326005
113	0.9495109608	0.1727009822
114	0.9495183283	0.1725941683
115	0.9495486596	0.172519608
116	0.9495716165	0.1723545814
117	0.949599424	0.1722573338
118	0.949597404	0.1721590559
119	0.9495993649	0.1720460721
120	0.9496505594	0.1719195709
121	0.9496785814	0.1718427237
122	0.9496912419	0.1717500045
123	0.9497345331	0.1716211712
124	0.949690555	0.1714828622
125	0.9497516706	0.1713919657
126	0.9497607906	0.1712949218
127	0.9497818008	0.1712173841
128	0.9498355807	0.1711454503
129	0.9498415122	0.1710651389
130	0.9498066734	0.1709723291
131	0.9498466798	0.1708506507
132	0.9498576717	0.1707662638
133	0.9498998282	0.1706359474
134	0.9499241125	0.1705157181
135	0.9499306825	0.1704423805
136	0.9499559329	0.1703335967
137	0.9499907248	0.1702235563
138	0.9499895936	0.170132173
139	0.9499820624	0.1700406198
140	0.9499970384	0.1699203113
141	0.950053985	0.1698562003
142	0.9500458502	0.1697710322
143	0.9500574114	0.1696790149
144	0.9500514725	0.1695603705
145	0.9500594728	0.1694950708
146	0.9500246109	0.1694338354
147	0.9500485183	0.1693533089
148	0.9500435486	0.1692614501
149	0.9500700859	0.1691812972
150	0.950063963	0.1690652001
151	0.9501189058	0.1689398197
152	0.9501164129	0.1688584668
153	0.9501237773	0.1687921482
154	0.9501220785	0.1687077612
155	0.9501096227	0.1686550166
156	0.9501281001	0.1685951849
157	0.9501581084	0.1684996468
158	0.9501457394	0.1684431322
159	0.9501652785	0.1683703833
160	0.9502017347	0.1683026835
161	0.9502146285	0.1682376669
162	0.9502138961	0.1681848543
163	0.9502154753	0.1681058788
164	0.9502285032	0.1680455943
165	0.9502413131	0.1679545846
166	0.9502324997	0.1678832734
167	0.950253355	0.167806981
168	0.9502537163	0.1677565345
169	0.9502705257	0.1676734948
170	0.9502688324	0.1676409128
171	0.9502707484	0.1675388085
172	0.9502808712	0.1674490667
173	0.9503051494	0.1673274449
174	0.9503161013	0.1672231329
175	0.9502891557	0.1671242211
176	0.9503214891	0.167054676
177	0.9503406574	0.1670044107
178	0.9503448658	0.1669451451
179	0.9503739727	0.1668580411
180	0.9503882941	0.1667464837
181	0.9503991509	0.1666329111
182	0.9503895264	0.1665831552
183	0.9503638296	0.1664888737
184	0.9503833638	0.1664429669
185	0.9503804828	0.1663987923
186	0.9503876281	0.1663299265
187	0.9503974008	0.1662668117
188	0.9504217617	0.1662092103
189	0.9504184915	0.166124914
190	0.9504331321	0.1660388289
191	0.9504579128	0.1659415359
192	0.9504703698	0.1658729984
193	0.9504735234	0.1658001589
194	0.9504735494	0.1657422632
195	0.9504549746	0.1656517629
196	0.950474914	0.1656150035
197	0.9504740876	0.1655296656
198	0.9504619395	0.1654326557
199	0.9504815612	0.1653782355
200	0.9504855474	0.1653222531
201	0.9504761211	0.1652640856
202	0.9504823507	0.1651442525
203	0.9504920177	0.1650316762
204	0.9504853977	0.1649433949
205	0.9504995938	0.1648834613
206	0.9505589781	0.1647829532
207	0.9505600988	0.1647046457
208	0.9505659416	0.1646244249
209	0.9505498513	0.1645854466
210	0.9505564386	0.1644686475
211	0.9505706906	0.1643948684
212	0.95056898	0.1642932622
213	0.9505911672	0.1642275776
214	0.9505875416	0.1641764178
215	0.9505873373	0.1641413227
216	0.9505990336	0.1639970135
217	0.9506101315	0.163908517
218	0.9506090217	0.1638511194
219	0.9506135312	0.1638156054
220	0.9506090273	0.1637670834
221	0.9506022396	0.1636946515
222	0.9506197309	0.1636416691
223	0.950620866	0.1636092683
224	0.9506186185	0.1635148622
225	0.9506432923	0.1634446719
226	0.9506476829	0.1633793495
227	0.9506692324	0.1633118422
228	0.9506795076	0.1632405198
229	0.9506903075	0.1631164979
230	0.950680898	0.1630217862
231	0.9506786168	0.1629360634
232	0.9507195531	0.1628597936
233	0.9507136069	0.16280663
234	0.9507045842	0.1627250281
235	0.9507116112	0.1626881895
236	0.9507095962	0.1626518603
237	0.950742274	0.1625766207
238	0.9507374157	0.1625376651
239	0.9507513407	0.1624865959
240	0.9507486807	0.1624154998
241	0.9507611248	0.1623647137
242	0.9507503915	0.1622912176
243	0.9507651747	0.1622262009
244	0.9507917986	0.1621785281
245	0.9507872502	0.1621406592
246	0.9507956211	0.1620702991
247	0.950819522	0.1620398681
248	0.9507914248	0.1619686136
249	0.9507871389	0.1618988874
250	0.950810256	0.1618414105
251	0.9508094753	0.1617662276
252	0.9508324867	0.1616975316
253	0.9508274472	0.1616156013
254	0.9508209134	0.161581174
255	0.950818955	0.1614829528
256	0.9508359739	0.1614376008
257	0.9508410571	0.1613821277
258	0.9508350221	0.1612866688
259	0.9508503667	0.1612346034
260	0.9508869949	0.1611837154
261	0.9508987837	0.1611328047
262	0.9509114525	0.1611111589
263	0.950898872	0.1610767543
264	0.9509106418	0.161023353
265	0.950902585	0.1609598873
266	0.9509071417	0.1608878969
267	0.9509317435	0.1608636926
268	0.9509453618	0.1608044723
269	0.9509487591	0.1607655053
270	0.95093653	0.1607368065
271	0.9509333324	0.1607116172
272	0.9509553397	0.1606739634
273	0.9509644122	0.1606353814
274	0.9509626986	0.16061026
275	0.9509628067	0.1605645117
276	0.9509622337	0.1605315109
277	0.950959396	0.1604787323
278	0.9509750468	0.160421346
279	0.9509790116	0.1603855942
280	0.9509883031	0.1603475782
281	0.9509774437	0.160286773
282	0.9509823275	0.1602386246
283	0.9510023994	0.1601670871
284	0.9509969971	0.1601067913
285	0.951009057	0.1600256082
286	0.9509903849	0.1599458968
287	0.9509892554	0.1599154093
288	0.9509966086	0.1598736007
289	0.9510322418	0.1598094784
290	0.9510229238	0.1597585338
291	0.9510203078	0.1596544596
292	0.951017132	0.1596145643
293	0.9510077217	0.1595340831
294	0.9510282341	0.1594990105
295	0.9510556953	0.1594475678
296	0.9510431008	0.1593885852
297	0.9510475415	0.1593629997
298	0.9510455119	0.1593357613
299	0.9510391772	0.1592521895
300	0.951041709	0.1592192
301	0.951036817	0.1591656968
302	0.9510402085	0.1591419227
303	0.9510543803	0.1590947593
304	0.9510555427	0.1590786947
305	0.9510629342	0.159050279
306	0.9510751744	0.1590171989
307	0.9510896454	0.1589296421
308	0.9510787682	0.1588840523
309	0.9511075927	0.1588145299
310	0.9511069925	0.1587797064
311	0.9511092681	0.1587322939
312	0.9511215085	0.1586841682
313	0.9511090267	0.1586649904
314	0.9511393847	0.1586148269
315	0.951128645	0.1585679013
316	0.9511427094	0.1584892428
317	0.9511606119	0.1584388642
318	0.9511455634	0.1583898102
319	0.9511677664	0.1583415826
320	0.9511819603	0.1582594938
321	0.9512083763	0.1582020849
322	0.9512123732	0.1581521365
323	0.9512091866	0.1580670929
324	0.9512156123	0.1580308883
325	0.9512179893	0.1579792531
326	0.9512303675	0.1579299953
327	0.9512423449	0.1578825149
328	0.9512386385	0.1578456989
329	0.9512443004	0.1577681499
330	0.9512474608	0.1576767892
331	0.9512520309	0.1575960589
332	0.9512555332	0.15755279
333	0.9512658728	0.1575092719
334	0.9512741355	0.1574671351
335	0.951272995	0.1573552493
336	0.9512656653	0.1573075652
337	0.9512752866	0.1572858967
338	0.951279391	0.157212627
339	0.9512964878	0.157160222
340	0.9512968506	0.1571425046
341	0.9513139557	0.1571216852
342	0.9513122369	0.1570744312
343	0.9513280211	0.1570484042
344	0.9513138619	0.1569944595
345	0.9513539153	0.1569127443
346	0.9513684242	0.156846471
347	0.951349281	0.1568170024
348	0.9513579229	0.1567632841
349	0.9513651746	0.1567160641
350	0.9513521399	0.156667361
351	0.951387968	0.1565994122
352	0.9513870508	0.1565634453
353	0.9514080581	0.1564767715
354	0.9514108825	0.1564378045
355	0.9514231373	0.1563976262
356	0.9514286001	0.1563840183
357	0.951440831	0.1563279
358	0.9514504821	0.1562728798
359	0.9514867578	0.1561969836
360	0.9514885603	0.1561572921
361	0.9514864008	0.156094517
362	0.9514973703	0.1560228436
363	0.951496127	0.1559879635
364	0.9514932904	0.1559411057
365	0.9514938632	0.1559176146
366	0.9514956916	0.1558978255
367	0.951500547	0.1558485563
368	0.9515344767	0.1558086044
369	0.9515336803	0.1557345196
370	0.9515394812	0.1556710087
371	0.9515564924	0.1556128073
372	0.9515290737	0.1555767385
373	0.9515748914	0.1555086538
374	0.9515614928	0.1554568148
375	0.9515535723	0.1554158327
376	0.9515599157	0.1553351704
377	0.9515758904	0.1552999733
378	0.9515714544	0.1552678216
379	0.9515771173	0.1552161071
380	0.9515748471	0.1551673701
381	0.9515944729	0.1551005421
382	0.9515940286	0.1550733942
383	0.9515974054	0.1550610317
384	0.9515900218	0.1550055247
385	0.9515887879	0.1549667388
386	0.9515912245	0.1548870275
387	0.9515881626	0.1548453887
388	0.9516117768	0.1548098633
389	0.9516117768	0.1547567337
390	0.9516293479	0.1547157969
391	0.9516347812	0.1546724827
392	0.9516432021	0.1546297005
393	0.9516451071	0.1545654989
394	0.9516411182	0.1545433777
395	0.951636804	0.1545145204
396	0.9516541706	0.1544857536
397	0.9516627731	0.1543979817
398	0.9516665267	0.154348939
399	0.9516844681	0.1542970887
400	0.9516861867	0.1542374608
401	0.9516905154	0.1541859728
402	0.9516868534	0.1540866195
403	0.9516971741	0.1540052439
404	0.9516915052	0.1539782546
405	0.9516873119	0.1539258382
406	0.9517082695	0.1538853882
407	0.9516997578	0.1538458665
408	0.9516999873	0.1537974011
409	0.951711899	0.1537419168
410	0.951700583	0.1537210521
411	0.9517163594	0.1536550279
412	0.9517060256	0.1535986265
413	0.9517048033	0.1535481008
414	0.9517343913	0.1534565703
415	0.9517305694	0.1533584736
416	0.9517256178	0.1533107894
417	0.9517418387	0.1532443123
418	0.9517426322	0.1531428533
419	0.9517568813	0.1531270604
420	0.9517740859	0.1530041593
421	0.9517695472	0.1529858419
422	0.9517786159	0.1529261235
423	0.9518036861	0.1528862056
424	0.9518324872	0.1528294646
425	0.9518221808	0.1527811691
426	0.9518131135	0.1527389416
427	0.9518433755	0.1526667587
428	0.9518371217	0.1525993647
429	0.9518358547	0.1525492352
430	0.9518378136	0.1525173665
431	0.951861295	0.152463218
432	0.9518524411	0.1523996504
433	0.9518766082	0.1523613174
434	0.9518669837	0.1523205504
435	0.9518854749	0.1522849571
436	0.9518988544	0.1522300501
437	0.9519089733	0.1521734789
438	0.9518989818	0.1521198852
439	0.9519041058	0.1520560119
440	0.9519019437	0.1520023163
441	0.9519430207	0.1519418394
442	0.9519446048	0.1518975402
443	0.9519441558	0.1518287536
444	0.9519633283	0.1517594915
445	0.9519742484	0.1517322079
446	0.9519759459	0.1516990146
447	0.9519798967	0.1516616213
448	0.9519679735	0.1516122503
449	0.9519752219	0.1515727059
450	0.9519636002	0.1515207084
451	0.9519779891	0.1514724356
452	0.9519915982	0.1514463066
453	0.9519842365	0.1513848108
454	0.9519999058	0.1513491948
455	0.9520225988	0.1512998012
456	0.952016945	0.1512448036
457	0.9520419736	0.1511978327
458	0.9520192269	0.1511394841
459	0.9520314803	0.1510819054
460	0.9520652896	0.1509967146
461	0.9520661907	0.1509692611
462	0.952076625	0.1508732815
463	0.952075732	0.1508356957
464	0.9520843679	0.1507873322
465	0.952056614	0.1506860996
466	0.9520543385	0.1506509818
467	0.9520656939	0.1506165205
468	0.9520578717	0.1505531228
469	0.9520501795	0.1505409867
470	0.9520399814	0.1505022914
471	0.9520782978	0.1504325652
472	0.9520830621	0.1504062098
473	0.9521161963	0.1503202266
474	0.95213275	0.1502458361
475	0.9521253622	0.1502112504
476	0.9521468144	0.1501674493
477	0.9521410372	0.1501068705
478	0.9521464837	0.1500625034
479	0.952179024	0.1500016868
480	0.9521718508	0.1499304323
481	0.9521627867	0.1499044732
482	0.9521542966	0.149879499
483	0.9521761979	0.1498341922
484	0.9521651235	0.1497878779
485	0.9521741812	0.1496940266
486	0.9521782767	0.1496709543
487	0.9521552697	0.1495903146
488	0.9521476257	0.1495522647
489	0.952158616	0.1495325095
490	0.9521756077	0.1495033352
491	0.9521936168	0.1494665079
492	0.9521989917	0.1494125971
493	0.9522019572	0.1493457012
494	0.9522236072	0.14930567
495	0.9522182479	0.1492621973
496	0.9522394763	0.1492217699
497	0.952222479	0.1491811274
498	0.9522192025	0.1491363527
499	0.952224663	0.149110654
500	0.9522548531	0.149068302
501	0.9522452968	0.1489977154
502	0.9522881691	0.1489279213
503	0.9523050499	0.1489009999
504	0.9523044927	0.1488676255
505	0.9523005037	0.1488317378
506	0.9522963283	0.1487851971
507	0.952289539	0.1487532831
508	0.9522687781	0.1487099009
509	0.9522787511	0.1486925458
510	0.9522793186	0.1486464918
511	0.9522978119	0.148594834
512	0.9522966664	0.148583796
513	0.952303283	0.1485197756
514	0.952289877	0.1484959901
515	0.9523244734	0.1484278941
516	0.9523099647	0.1484003048
517	0.9523331081	0.1483145027
518	0.9523473866	0.1482832114
519	0.9523477235	0.1482349611
520	0.9523453517	0.1481881713
521	0.9523609142	0.1481119129
522	0.9523580815	0.148084867
523	0.9523635205	0.1480605381
524	0.9523722326	0.1480093897
525	0.9523744864	0.1479708189
526	0.9523699779	0.1479514713
527	0.9523669386	0.1478711373
528	0.9523975628	0.1478227059
529	0.95238964	0.1477657611
530	0.9523845482	0.1477113183
531	0.9523873912	0.1476835478
532	0.9523932057	0.1476427808
533	0.9523920765	0.147597542
534	0.9524276351	0.1475375179
535	0.952450056	0.1474827128
536	0.9524441636	0.1474146281
537	0.9524442814	0.1473719931
538	0.9524898836	0.1473127955
539	0.9524753591	0.1473023575
540	0.9524615467	0.147223733
541	0.9524660763	0.1471888415
542	0.9524521347	0.1471367988
543	0.952467779	0.1471114623
544	0.9524761727	0.14705531
545	0.9524733349	0.147007807
546	0.9524727621	0.1469551982
547	0.9524733297	0.1469374241
548	0.9524828765	0.146903212
549	0.9524902698	0.1467980397
550	0.9525156693	0.14672777
551	0.9525173457	0.1466734857
552	0.9525428764	0.1466160202
553	0.9525411844	0.1465648152
554	0.9525249567	0.1464944323
555	0.9525356214	0.1464377932
556	0.95253529	0.1463973545
557	0.9525431992	0.1463396059
558	0.9525540883	0.1462952162
559	0.9525825814	0.1462416904
560	0.9525886038	0.1461871457
561	0.9525931701	0.1461627941
562	0.9526081643	0.1461206006
563	0.9526339133	0.146008681
564	0.9526182448	0.1459716046
565	0.95263615	0.1459614044
566	0.9526423085	0.1458705418
567	0.9526627051	0.145802876
568	0.9526617907	0.1457802566
569	0.9526703357	0.1457304214
570	0.9526816716	0.1456961413
571	0.9527075276	0.1456066713
572	0.9527240932	0.14559432
573	0.9527447161	0.1455593946
574	0.9527449675	0.1454071268
575	0.9527409893	0.1453395742
576	0.9527665164	0.1452716367
577	0.952773664	0.1452145448
578	0.9527856843	0.1451844762
579	0.9527902507	0.1451652983
580	0.9527690501	0.1451167651
581	0.9527825557	0.1450823039
582	0.9528016912	0.1450176495
583	0.9528036148	0.1449815354
584	0.9528325426	0.1449207868
585	0.9528229143	0.1448786952
586	0.9528363102	0.144809535
587	0.952865568	0.1447464995
588	0.9528604648	0.1447299822
589	0.9528861118	0.1446750978
590	0.9529077655	0.1446410555
591	0.9529100358	0.1446279231
592	0.9528941475	0.1445820616
593	0.9528811278	0.1445632121
594	0.952873754	0.144537819
595	0.9528709464	0.1444821649
596	0.952854269	0.1443999855
597	0.9528684441	0.1443681395
598	0.9528735472	0.1443337688
599	0.9528889963	0.1443109909
600	0.9528838874	0.1442397477
601	0.9529006941	0.1441576929
602	0.9528981053	0.1441161673
603	0.9529035619	0.1440428976
604	0.9529051238	0.1440101006
605	0.9529326857	0.1439543785
606	0.9529287271	0.1439326761
607	0.9529148568	0.1438592253
608	0.9529284795	0.1438234395
609	0.9529269792	0.143776944
610	0.952928134	0.1437330185
611	0.9529264313	0.1437026668
612	0.9529324781	0.1436424389
613	0.9529256714	0.1436117816
614	0.9529569845	0.1435678673
615	0.9529751348	0.1435173302
616	0.9529866159	0.1434634761
617	0.9529871835	0.1434230374
618	0.9529936875	0.1433514998
619	0.9530051478	0.1432483539
620	0.9530164951	0.1432020962
621	0.9530202455	0.143147427
622	0.9530036813	0.1431222263
623	0.9530349838	0.1430652589
624	0.953021714	0.1430006159
625	0.9530392716	0.142977838
626	0.9530500477	0.1429489127
627	0.9530426681	0.1428809526
628	0.9530598141	0.1428194568
629	0.9530339362	0.1427420662
630	0.9530731984	0.1427045257
631	0.9530727461	0.1426730985
632	0.9530778696	0.1426335202
633	0.9531048498	0.1425551787
634	0.9530896396	0.1425261289
635	0.9530812686	0.1424651086
636	0.9530895615	0.1423880237
637	0.9530889978	0.1423563135
638	0.9530861651	0.1423139842
639	0.9530878372	0.1422490128
640	0.9531097238	0.1422040117
641	0.9531086026	0.1421768865
642	0.9531481749	0.1421136699
643	0.9531538318	0.1420880278
644	0.9531663112	0.1420457211
645	0.9531578012	0.1419872027
646	0.9531534862	0.1419490622
647	0.9531411242	0.1419137292
648	0.9531689104	0.1418561845
649	0.9531772227	0.1418213723
650	0.9531959264	0.141784511
651	0.9532110613	0.1417510687
652	0.953207005	0.1416788745
653	0.9532138022	0.1416505833
654	0.9532343197	0.1415800646
655	0.9532136572	0.1415169046
656	0.9532192539	0.1414711336
657	0.9532049486	0.1413992678
658	0.9532077113	0.1413630857
659	0.9532261116	0.1412786988
660	0.9532561704	0.1412090405
661	0.953258334	0.14115496
662	0.9532688923	0.1411168534
663	0.9532654869	0.1410754297
664	0.9532989644	0.1410367005
665	0.9532928089	0.14099796
666	0.9532790802	0.1409628648
667	0.9532950741	0.1409177618
668	0.9533227618	0.1408800628
669	0.9533257064	0.1408078912
670	0.9533287656	0.1407728187
671	0.9533299109	0.1407324932
672	0.9533327407	0.1407091492
673	0.953344459	0.1406512308
674	0.9533550126	0.1406245245
675	0.9533675972	0.1405911388
676	0.9533687093	0.1405626325
677	0.9533910764	0.1405105104
678	0.9534118285	0.1404561582
679	0.9534274955	0.1403669485
680	0.9534308857	0.1402775916
681	0.9534442544	0.1402401869
682	0.9534717465	0.1402002577
683	0.9534603933	0.1400860964
684	0.9534680216	0.1400290724
685	0.9534573873	0.1399544781
686	0.9534748653	0.1399115488
687	0.9535064765	0.1398532908
688	0.9534970756	0.1398135313
689	0.9535066602	0.1397363899
690	0.9535112007	0.1397022456
691	0.9535266398	0.1396279797
692	0.9535135902	0.1395770237
693	0.9535196252	0.1395427324
694	0.9535364344	0.1395091995
695	0.9535405309	0.1394517905
696	0.9535308908	0.1394021365
697	0.953515026	0.1393232289
698	0.9535415678	0.1392891753
699	0.953536001	0.1392614727
700	0.9535533628	0.1392181019
701	0.9535784197	0.1391861086
702	0.9535878432	0.1391561985
703	0.9535842678	0.1390834609
704	0.953602871	0.1390184782
705	0.9535871964	0.1389716431
706	0.9535943466	0.1389285892
707	0.9536114783	0.1388981696
708	0.9536026347	0.1388533497
709	0.9536506404	0.1388003446
710	0.9536578156	0.1387532265
711	0.9536657596	0.1387083839
712	0.9536632677	0.1386850513
713	0.953680608	0.1386395747
714	0.9536706171	0.1385839432
715	0.9536783276	0.138526455
716	0.9536883354	0.1384838653
717	0.9536867557	0.1384482267
718	0.9536935749	0.1383474695
719	0.9536935648	0.1382755017
720	0.9537056201	0.1382392971
721	0.9536982504	0.1382052208
722	0.9537280736	0.1381764428
723	0.9537268526	0.1381121733
724	0.9537377356	0.1380960635
725	0.9537646055	0.1380280014
726	0.9537525842	0.1379408522
727	0.9537588325	0.1379171572
728	0.9537844885	0.1378515519
729	0.9537849339	0.1377964864
730	0.9537759568	0.1377407869
731	0.9537921491	0.1376645172
732	0.9537741381	0.1375565146
733	0.9538052568	0.1374796561
734	0.9538277316	0.1374264586
735	0.9538292005	0.1373962428
736	0.9538382651	0.1373396716
737	0.9538271704	0.1373207315
738	0.9538260315	0.1372923723
739	0.9538300031	0.1372708624
740	0.9538474514	0.1372064684
741	0.9538531257	0.1371263948
742	0.9538537147	0.1370455966
743	0.9538530205	0.1369858442
744	0.9538513178	0.136972542
745	0.9538764184	0.1369116915
746	0.9538867466	0.1368769925
747	0.9538879069	0.1368371878
748	0.9538811124	0.1367555518
749	0.9538928515	0.136687954
750	0.9539224662	0.1366406208
751	0.9539113398	0.1366133937
752	0.9539156516	0.1365798382
753	0.9539350625	0.136519248
754	0.9539449375	0.1364462387
755	0.9539725152	0.1364161587
756	0.953970144	0.1363888637
757	0.9539527061	0.1363219225
758	0.953990377	0.1362816762
759	0.9540014934	0.1362460942
760	0.9540023036	0.1361885834
761	0.954003423	0.1361406955
762	0.9539984252	0.1360654672
763	0.9540127219	0.1360181114
764	0.9540334855	0.1359612798
765	0.9540314136	0.1358705418
766	0.9540308517	0.1358113668
767	0.9540330155	0.1357670789
768	0.9540415489	0.1357302629
769	0.9540458497	0.1356858618
770	0.9540415332	0.1356615782
771	0.9540477808	0.1356396494
772	0.9540549296	0.1355933464
773	0.954080001	0.1355426848
774	0.9540977043	0.135526224
775	0.9540974757	0.135481155
776	0.954104165	0.1354136477
777	0.9541179055	0.1353360987
778	0.9541274203	0.1352886409
779	0.9541157364	0.1352707084
780	0.9541453425	0.1352133561
781	0.9541566884	0.1351782836
782	0.9541470402	0.1351362033
783	0.9541469647	0.1350761679
784	0.9541678455	0.1350577146
785	0.9541647952	0.1349880224
786	0.9541741941	0.1349315191
787	0.9541847635	0.1349003297
788	0.9542127029	0.1348393773
789	0.9542322243	0.1347989725
790	0.9542531995	0.134742424
791	0.954266945	0.1346813923
792	0.9542492265	0.1346202927
793	0.9542494594	0.1345358718
794	0.9542819198	0.1344588662
795	0.9542966872	0.1343967817
796	0.954310495	0.134340935
797	0.9543588321	0.1342781826
798	0.9543327414	0.1341977919
799	0.9543259073	0.1341729649
800	0.9543445315	0.1341039519
801	0.9543744974	0.1340140856
802	0.9543809663	0.1339821037
803	0.9543986551	0.1339586692
804	0.9544116188	0.1339039999
805	0.9544361347	0.1338731615
806	0.9544184205	0.1338181639
807	0.9544296347	0.1337506566
808	0.9544455184	0.1337054857
809	0.9544423609	0.1336674923
810	0.9544453028	0.1336399822
811	0.9544846752	0.1336061437
812	0.9544541349	0.1335564557
813	0.9544816077	0.1334939297
814	0.9544897527	0.1334476153
815	0.9544956379	0.1334023765
816	0.95450563	0.1333731343
817	0.9545155962	0.1333058081
818	0.9545406941	0.1332622561
819	0.9545298019	0.1332273308
820	0.9545443418	0.1331012598
821	0.9545496914	0.1330461717
822	0.954587944	0.1330189333
823	0.9545828357	0.1330015442
824	0.9545859241	0.1329739888
825	0.9545990728	0.1328592502
826	0.9546152256	0.1327929316
827	0.9546269208	0.1327669159
828	0.9546155915	0.1327073446
829	0.9546255838	0.1326584151
830	0.9546284181	0.1326271578
831	0.9546246605	0.1326064516
832	0.9546471312	0.1325336574
833	0.9546497486	0.132516257
834	0.9546588764	0.1324502667
835	0.9546583088	0.1324223377
836	0.9546822585	0.1323893709
837	0.9546894081	0.1323538455
838	0.954679626	0.1323264939
839	0.9547328434	0.1322754134
840	0.954730321	0.1322095024
841	0.9547018284	0.1321524558
842	0.9547072786	0.132129225
843	0.9547158191	0.1321125944
844	0.954717862	0.1320698575
845	0.954735009	0.1320249017
846	0.9547562002	0.1319781799
847	0.9547573304	0.1319493678
848	0.9547577823	0.1319069253
849	0.9547586867	0.1318456559
850	0.9547672883	0.1318150325
851	0.9547878443	0.1317825412
852	0.9547833019	0.1317485668
853	0.9547747863	0.1316999429
854	0.9548027046	0.1316501983
855	0.9548326646	0.1315795212
856	0.9548286994	0.1315515243
857	0.9548346275	0.1315159423
858	0.9548269151	0.1314903341
859	0.9548286228	0.1314598353
860	0.9548519962	0.1314221815
861	0.9548631541	0.1313431155
862	0.9548710967	0.1313014088
863	0.9549055862	0.1312551284
864	0.9549161418	0.1312166369
865	0.9549169355	0.1311792889
866	0.9549171441	0.1311322387
867	0.9549273412	0.1310839998
868	0.9549420053	0.1310740939
869	0.9549446071	0.1309981977
870	0.9549233018	0.1309622874
871	0.954926366	0.1309035765
872	0.9549360851	0.1308603302
873	0.954947776	0.1308326277
874	0.9549472084	0.1308007929
875	0.9549594893	0.1307745168
876	0.9549640301	0.1307547956
877	0.9549796968	0.1307373725
878	0.9549799471	0.1307104058
879	0.9549835447	0.1306437703
880	0.9550092049	0.1306174149
881	0.9550535823	0.1305568134
882	0.9550885467	0.1305234277
883	0.9551071684	0.1304933817
884	0.9551148769	0.1304723246
885	0.9551239765	0.1304318746
886	0.9551397665	0.1303713976
887	0.9551433917	0.1303166944
888	0.9551180781	0.1302650592
889	0.9550984589	0.1302255715
890	0.9550981126	0.1301891404
891	0.9551137983	0.1301227199
892	0.9551099591	0.1300560957
893	0.9551065554	0.1300237402
894	0.9551090402	0.1299793618
895	0.9551073393	0.1299341682
896	0.9551278773	0.12988345
897	0.955127636	0.1298280336
898	0.9551421636	0.129794546
899	0.955123218	0.1297598923
900	0.9551348978	0.1297274236
901	0.9551297845	0.129693936
902	0.95514499	0.12961727
903	0.9551538534	0.1295861372
904	0.9551749758	0.1295406493
905	0.9551783864	0.1295189242
906	0.9551765736	0.1294978671
907	0.9551584041	0.1294410695
908	0.9551728235	0.12939154
909	0.9551952016	0.1293254252
910	0.9552064241	0.1292810128
911	0.9552024672	0.1292404383
912	0.9552281196	0.1291910673
913	0.9552579807	0.1291519531
914	0.9552434521	0.1291237977
915	0.955263424	0.1290868232
916	0.9552500306	0.1290464072
917	0.9552373243	0.1289919417
918	0.955228467	0.1289571069
919	0.9552309738	0.128920506
920	0.9552551486	0.1288713727
921	0.9552651364	0.1288336284
922	0.9552800013	0.128810692
923	0.9552566088	0.1287861594
924	0.9552645638	0.1287680457
925	0.9552859024	0.1287119047
926	0.9552826938	0.128659828
927	0.9552751212	0.1286089853
928	0.9552919216	0.1285810223
929	0.9552865733	0.1285451007
930	0.9552917114	0.1285143302
931	0.9552905663	0.1284569891
932	0.9552897607	0.1284138334
933	0.9553041606	0.1283635114
934	0.955317644	0.128323752
935	0.95529691	0.1282735206
936	0.9553460593	0.1281959489
937	0.9553615958	0.1281649746
938	0.9553672729	0.1281116299
939	0.9553567214	0.1280782102
940	0.9553677555	0.1280584097
941	0.9553693262	0.1279886495
942	0.9553742114	0.1279671056
943	0.9553820722	0.1279128439
944	0.9554074899	0.127859103
945	0.9554074101	0.1278311514
946	0.9554068426	0.1278119623
947	0.9554267062	0.1277988638
948	0.955413653	0.1277549156
949	0.9554074101	0.1277408436
950	0.9554151287	0.1277102315
951	0.955428045	0.1276579283
952	0.9554165805	0.1276040969
953	0.9554182947	0.1275319593
954	0.9554494006	0.1274985849
955	0.9554710658	0.1274466214
956	0.9554821845	0.1274267529
957	0.9554761836	0.1273961069
958	0.9554751325	0.1273545588
959	0.9555109179	0.1272834514
960	0.9555095558	0.1272535525
961	0.9555236019	0.1272288274
962	0.955529845	0.1271913322
963	0.9555149892	0.1271593503
964	0.9555499816	0.1270878466
965	0.9555556674	0.1270579365
966	0.9555875702	0.1269947652
967	0.9555835969	0.1269534547
968	0.9556402154	0.126885087
969	0.9556392187	0.1268202062
970	0.9556548695	0.1267562198
971	0.9557075386	0.1267028977
972	0.9557120991	0.1266896182
973	0.9557293217	0.1266640553
974	0.9557550012	0.1266134616
975	0.9557565335	0.1265728644
976	0.9557530948	0.1265153309
977	0.9557715032	0.1264449594
978	0.9557884204	0.1264053245
979	0.9558081369	0.1263669802
980	0.9558081872	0.1263295302
981	0.9558277715	0.1263099335
982	0.9558338745	0.1262716005
983	0.9558121013	0.1262503283
984	0.9558231452	0.1262065839
985	0.9558568617	0.1261708887
986	0.9558253935	0.1261432653
987	0.9558605792	0.1260850413
988	0.9558631645	0.1260357722
989	0.9558958865	0.1260029638
990	0.9558841977	0.1259594118
991	0.9558841864	0.1259142636
992	0.9559083641	0.1258787495
993	0.955909514	0.1258432807
994	0.955923245	0.1258276804
995	0.9559321853	0.1257898455
996	0.9559374417	0.1257502445
997	0.955959251	0.1256719823
998	0.9559964543	0.1256456043
999	0.9559840015	0.1255995277
1000	0.955997171	0.1255566663
1001	0.9559728109	0.125513669
1002	0.9559711129	0.1254798418
1003	0.9559660802	0.1254358596
1004	0.9559857106	0.1253719863
1005	0.9559928721	0.1253350345
1006	0.9560196733	0.1252380925
1007	0.9560176575	0.1251920273
1008	0.9560232755	0.1251679361
1009	0.9560455355	0.1251532414
1010	0.9560679629	0.125101493
1011	0.9560906782	0.1250684809
1012	0.956092386	0.1250188155
1013	0.9561039175	0.1249683464
1014	0.9560948236	0.1249048015
1015	0.956099616	0.1248729894
1016	0.9561283419	0.1248314412
1017	0.9561090285	0.1247971725
1018	0.9561506327	0.1247458316
1019	0.9561495047	0.1247182989
1020	0.9561270835	0.1246552407
1021	0.956145573	0.1246062546
1022	0.9561730275	0.1245661103
1023	0.9561861125	0.1245442267
1024	0.9561578479	0.1244839989
1025	0.9561666664	0.1244215068
1026	0.9561607631	0.1243897173
1027	0.9561547514	0.1243555505
1028	0.9561589566	0.124328063
1029	0.9561680408	0.1243027266
1030	0.9561695217	0.1242560273
1031	0.9561899873	0.1241911918
1032	0.9561950934	0.1241487832
1033	0.9561928326	0.1241231524
1034	0.9562184868	0.1240943517
1035	0.9562372426	0.124052079
1036	0.9562457594	0.1240279652
1037	0.9562632621	0.1239824547
1038	0.9562801755	0.1239299817
1039	0.9562943876	0.1238764559
1040	0.9563371916	0.1238402286
1041	0.9563461202	0.1238020428
1042	0.9563384051	0.1237636758
1043	0.9563488318	0.1237261353
1044	0.9563577655	0.1237119727
1045	0.9563881718	0.1236443861
1046	0.9563958747	0.1235887433
1047	0.9563753239	0.1235309155
1048	0.9563898627	0.123512315
1049	0.9563832008	0.1234494607
1050	0.9564072722	0.1234023425
1051	0.9564146495	0.1233526659
1052	0.9564455392	0.1232966381
1053	0.9564439775	0.123252554
1054	0.956435106	0.1232160777
1055	0.9564650423	0.1231796353
1056	0.9564836669	0.1231244566
1057	0.9565055887	0.1230990069
1058	0.9565200474	0.1230586927
1059	0.9565255645	0.1230200314
1060	0.9565062992	0.122992544
1061	0.9565273157	0.1229742832
1062	0.9565296994	0.1229588413
1063	0.9565574915	0.1229184705
1064	0.9565931317	0.1228789827
1065	0.9565994724	0.1228639031
1066	0.9566134352	0.1228377402
1067	0.9566328533	0.1228058376
1068	0.9566413148	0.1227630441
1069	0.9566380424	0.1227397567
1070	0.9566442226	0.1227092466
1071	0.9566537673	0.1226680041
1072	0.9566832432	0.1226270785
1073	0.9566708809	0.1225711413
1074	0.9566717049	0.122518057
1075	0.956670403	0.1224531989
1076	0.9566744015	0.122420617
1077	0.956675959	0.1223952239
1078	0.9566793606	0.1223646458
1079	0.9566805017	0.1222978517
1080	0.9567045723	0.1222582055
1081	0.9566825577	0.1222408164
1082	0.9567344678	0.1222101024
1083	0.9567292527	0.122166007
1084	0.9567277911	0.122130459
1085	0.9567555728	0.1221042508
1086	0.9567552462	0.1220684877
1087	0.9567866774	0.1220034031
1088	0.9567937354	0.1219855385
1089	0.9567755275	0.1219597832
1090	0.9567721362	0.121950149
1091	0.9567772691	0.1219178274
1092	0.9567815857	0.1218831398
1093	0.9568274607	0.1218131532
1094	0.9568475794	0.1217463592
1095	0.9568752714	0.1217059431
1096	0.9568473164	0.1216639081
1097	0.95686087	0.1216264468
1098	0.9568817492	0.1215859175
1099	0.9568772079	0.121526652
1100	0.9568785851	0.1214876963
1101	0.9568914451	0.1214442236
1102	0.9569131437	0.1214002866
1103	0.9569097279	0.1213769087
1104	0.9569111147	0.1213426853
1105	0.9569179508	0.1213053711
1106	0.9569357408	0.1212765818
1107	0.9569217814	0.1212563624
1108	0.9569423302	0.1212150859
1109	0.9569483423	0.1212049876
1110	0.9569785515	0.1211468654
1111	0.9569842285	0.1211311179
1112	0.9569857043	0.121096634
1113	0.9569919587	0.1210825394
1114	0.9570156769	0.1210384213
1115	0.9570167537	0.1210063488
1116	0.9570184566	0.1209651516
1117	0.9570300714	0.1209176373
1118	0.9570644736	0.1208787835
1119	0.9570938798	0.1208287559
1120	0.9570943251	0.1207839699
1121	0.9570880753	0.1207533578
1122	0.9570896845	0.1207368291
1123	0.9571064737	0.1207123078
1124	0.9571193041	0.1206868241
1125	0.9571321337	0.120671903
1126	0.9571141985	0.120642457
1127	0.9571030671	0.1206178225
1128	0.9571159111	0.1205944559
1129	0.957139868	0.1205583191
1130	0.9571752189	0.1205181861
1131	0.9571649112	0.1204919666
1132	0.9571834233	0.1204138741
1133	0.9571633211	0.1203700504
1134	0.9571939449	0.120336461
1135	0.9571745428	0.1203019431
1136	0.9572158037	0.1202600553
1137	0.957196143	0.1202079786
1138	0.9572187377	0.1201795515
1139	0.9572361241	0.1201290597
1140	0.9572441743	0.1200914173
1141	0.9572581452	0.1200629336
1142	0.9572211506	0.1199917923
1143	0.9572396687	0.1199592556
1144	0.9572496748	0.1199296172
1145	0.9572680639	0.1198917483
1146	0.9572662751	0.1198309091
1147	0.9572634295	0.1198100105
1148	0.9573083686	0.1197273444
1149	0.9573131536	0.1196729695
1150	0.9573025761	0.119635395
1151	0.9572573172	0.1195941751
1152	0.9572733209	0.1195707972
1153	0.9572841184	0.1195468079
1154	0.9573003605	0.1195239961
1155	0.9573304414	0.1194919349
1156	0.9573322873	0.1194382619
1157	0.9573406726	0.1193775019
1158	0.9573680467	0.1193320254
1159	0.957366921	0.1192985491
1160	0.9573697593	0.1192552688
1161	0.9573954258	0.1192245209
1162	0.9574005414	0.119196173
1163	0.957425178	0.1191446963
1164	0.9574134717	0.1191073709
1165	0.9574057506	0.1190606264
1166	0.9574365456	0.1190308521
1167	0.9574428033	0.1189827717
1168	0.9574522324	0.1189586126
1169	0.9574522372	0.1189101133
1170	0.9574510971	0.1188747917
1171	0.9574299664	0.1188522289
1172	0.9574580206	0.118827866
1173	0.9574593888	0.1187882877
1174	0.9574773226	0.1187247541
1175	0.957478451	0.1186968365
1176	0.9575242122	0.1186692245
1177	0.9575476189	0.1186260574
1178	0.9575612395	0.1185779091
1179	0.9575660358	0.1185545311
1180	0.9575626151	0.118513266
1181	0.9576206425	0.1184566382
1182	0.9576529086	0.1184408793
1183	0.9576196455	0.1184072898
1184	0.9576347687	0.1183762249
1185	0.9576670144	0.1183499488
1186	0.9576764486	0.118327669
1187	0.9576536776	0.1182854869
1188	0.957686908	0.1182547956
1189	0.9576943021	0.1181954168
1190	0.9576735209	0.1181673746
1191	0.9576521501	0.1181172225
1192	0.957673863	0.1180516963
1193	0.9576946476	0.1180097406
1194	0.9577164269	0.1179737737
1195	0.9577303179	0.1179383615
1196	0.9577375629	0.1178927491
1197	0.9577577082	0.1178566803
1198	0.9577760586	0.1178274268
1199	0.9577677615	0.1177899202
1200	0.9578026359	0.1177524363
1201	0.9578013235	0.117692299
1202	0.9577972553	0.1176271578
1203	0.9577900375	0.1175911569
1204	0.9577957366	0.1175615864
1205	0.957781131	0.1175238874
1206	0.9577956666	0.1174952112
1207	0.9578123233	0.1174513535
1208	0.9578446617	0.1174146847
1209	0.9578312456	0.1173820802
1210	0.957859762	0.1173452642
1211	0.9578960053	0.1173081425
1212	0.9578930291	0.1172808023
1213	0.9579141528	0.1172551488
1214	0.9579006879	0.1172327105
1215	0.9579012508	0.1172084609
1216	0.9579100177	0.1171733204
1217	0.9579092118	0.1171525576
1218	0.9579031874	0.1171283533
1219	0.9579059217	0.1170883108
1220	0.9579193964	0.1170745784
1221	0.9579011108	0.1170503174
1222	0.9579047835	0.116989716
1223	0.9579182957	0.1169641078
1224	0.9579241877	0.1169070385
1225	0.9579626276	0.1168921853
1226	0.9580147228	0.1168583354
1227	0.9580012387	0.1168407199
1228	0.9579898493	0.1167926961
1229	0.9580297284	0.1167399854
1230	0.9580305347	0.1167086601
1231	0.9580350764	0.1166874332
1232	0.9580487234	0.1166511606
1233	0.9580687181	0.1165953819
1234	0.9580873388	0.1165592452
1235	0.9581140611	0.1165277048
1236	0.9580757933	0.1165001721
1237	0.9580657918	0.1164651448
1238	0.9580971489	0.1164101473
1239	0.9581020373	0.1163795805
1240	0.958094076	0.1163563724
1241	0.9580840115	0.1163258396
1242	0.9581190189	0.1162816196
1243	0.9581401591	0.116250351
1244	0.9581536612	0.1162149388
1245	0.9581193757	0.1161816323
1246	0.9581256156	0.1161396313
1247	0.9581565847	0.1161076381
1248	0.9581535112	0.1160714561
1249	0.9581740786	0.1160410591
1250	0.9582120239	0.1159777066
1251	0.9582169071	0.115941151
1252	0.9582354153	0.1159140598
1253	0.9582371184	0.1158840478
1254	0.9582419825	0.1158602396
1255	0.9582761952	0.115829254
1256	0.9582813193	0.1158056044
1257	0.9582407795	0.1157560183
1258	0.9582873424	0.1156938092
1259	0.9582807652	0.1156693331
1260	0.9583235948	0.1156331511
1261	0.9583212146	0.1155986673
1262	0.9583461059	0.1155654967
1263	0.9583927738	0.1155377828
1264	0.9583903855	0.115506933
1265	0.9584003929	0.1154859778
1266	0.9583906204	0.1154460032
1267	0.9584259665	0.1154195347
1268	0.9584311703	0.1153984436
1269	0.9584226488	0.1153642088
1270	0.9584097138	0.1153156869
1271	0.9584302472	0.1152833427
1272	0.9584917693	0.1152351151
1273	0.958509587	0.1151719551
1274	0.958515028	0.1151535471
1275	0.9585483016	0.1151103234
1276	0.9585818552	0.1150407331
1277	0.9585711518	0.1149793504
1278	0.9585565975	0.1149483421
1279	0.9585594455	0.1149167565
1280	0.9585720951	0.1148810726
1281	0.9585869792	0.1148601627
1282	0.9585994864	0.1148452529
1283	0.9585941217	0.1147991197
1284	0.9585952713	0.1147729115
1285	0.9586131908	0.1147357559
1286	0.9586477305	0.1146618635
1287	0.9586378107	0.1146123906
1288	0.9586663388	0.1145850956
1289	0.9586534423	0.1145526722
1290	0.9586623006	0.1145323283
1291	0.9586591336	0.1145071277
1292	0.9586648255	0.1144875989
1293	0.9586665313	0.1144441602
1294	0.95869968	0.114423171
1295	0.9586993598	0.1144018761
1296	0.9587116294	0.1143905551
1297	0.9587472322	0.1143644601
1298	0.9587481155	0.1143293197
1299	0.9587590135	0.1143016963
1300	0.9588184269	0.1142505027
1301	0.9588005024	0.1142158263
1302	0.9588173114	0.1141835048
1303	0.9588373116	0.1141569004
1304	0.9588471394	0.1141297865
1305	0.9588837415	0.1140651887
1306	0.9588992259	0.1140498601
1307	0.9589473908	0.1140001721
1308	0.958936923	0.113945333
1309	0.9589589465	0.1139055622
1310	0.9589630271	0.1138770785
1311	0.9589452028	0.1138405795
1312	0.9589465791	0.1137994616
1313	0.9589154458	0.1137616833
1314	0.9588891982	0.113738962
1315	0.9588857039	0.1136680584
1316	0.9589179031	0.1136379897
1317	0.9589496534	0.1136012417
1318	0.9589723512	0.1135874753
1319	0.9589461657	0.1135437762
1320	0.958955921	0.1135096546
1321	0.9590019349	0.1134692838
1322	0.9589689984	0.1134244412
1323	0.9589926564	0.113396082
1324	0.9589915115	0.1133775382
1325	0.9590055849	0.1133493828
1326	0.9590333219	0.1132833812
1327	0.959079571	0.1132523389
1328	0.9590681232	0.1132237646
1329	0.9590664219	0.113197715
1330	0.959095536	0.1131586008
1331	0.9591032554	0.113146159
1332	0.9591198532	0.1131244
1333	0.9591367593	0.1130868142
1334	0.9591384813	0.1130727535
1335	0.9591545018	0.1130561002
1336	0.9591358887	0.1130262467
1337	0.9591670981	0.1129955667
1338	0.9591605192	0.1129658943
1339	0.9591868823	0.1129300179
1340	0.959185944	0.1128901792
1341	0.9591948973	0.1128602238
1342	0.9592491027	0.1128233852
1343	0.9592625986	0.1127816219
1344	0.9592843095	0.1127456323
1345	0.9593023476	0.1127019898
1346	0.9593137104	0.1126702003
1347	0.9593156472	0.1126478526
1348	0.9593457962	0.1126096781
1349	0.9593097921	0.112576383
1350	0.9592980801	0.1125542051
1351	0.9593049022	0.1125167325
1352	0.9593117234	0.1124818297
1353	0.9593122967	0.1124492931
1354	0.9593179965	0.1124040996
1355	0.9593276797	0.1123741328
1356	0.9593214841	0.1123390263
1357	0.9593380439	0.1123173805
1358	0.9593446323	0.1123010216
1359	0.9593279905	0.1122828061
1360	0.9593228724	0.1122675793
1361	0.9593866139	0.1122273783
1362	0.9594049539	0.1122007626
1363	0.9594237789	0.112159554
1364	0.9594038056	0.1121365271
1365	0.9594106364	0.112114485
1366	0.9594298067	0.1120863523
1367	0.9595040639	0.1120515514
1368	0.9595066647	0.1120321245
1369	0.9595088712	0.1120112712
1370	0.9594906582	0.1119732552
1371	0.9595161013	0.1119502622
1372	0.9595425792	0.1119206237
1373	0.959580001	0.1118680942
1374	0.9596239841	0.111830814
1375	0.9596203966	0.1117769712
1376	0.9596432448	0.111765854
1377	0.959662944	0.1117238756
1378	0.9596635984	0.1116912484
1379	0.9596549766	0.111675014
1380	0.9596385598	0.1116501531
1381	0.9596554929	0.1115989254
1382	0.959666789	0.1115779249
1383	0.9596915745	0.1115458977
1384	0.9597037947	0.1115133384
1385	0.9597227155	0.1114871416
1386	0.959695488	0.1114602315
1387	0.9597152006	0.1114340573
1388	0.9597398491	0.1114041811
1389	0.9597710558	0.1113564856
1390	0.9597907336	0.1113046692
1391	0.959762399	0.1112572681
1392	0.9597526883	0.1112394035
1393	0.9597889437	0.111207965
1394	0.9597986244	0.1111359067
1395	0.9598039775	0.1111070607
1396	0.9598097355	0.1110626823
1397	0.9598091724	0.1110207379
1398	0.9598271461	0.1109646988
1399	0.9598131808	0.1109517928
1400	0.9598378049	0.1108879082
1401	0.9598618713	0.1108615302
1402	0.9598601719	0.1108399976
1403	0.9598646238	0.1108106535
1404	0.9598734934	0.1107931059
1405	0.9598849677	0.1107506294
1406	0.9598726999	0.1107051529
1407	0.959878712	0.1106838354
1408	0.9598948964	0.1106724125
1409	0.9599564563	0.1106473024
1410	0.9599430495	0.1106222603
1411	0.9599676081	0.1105979427
1412	0.9599747515	0.1105683156
1413	0.9599771023	0.1105218768
1414	0.9599670369	0.1104951704
1415	0.9599938869	0.1104666075
1416	0.9600087194	0.1104487882
1417	0.9600183977	0.1104128666
1418	0.960029534	0.1103833866
1419	0.9600427158	0.1103438196
1420	0.9600470277	0.1103231021
1421	0.9600438699	0.1103100264
1422	0.960072787	0.1102871692
1423	0.9600645913	0.1102408322
1424	0.9600871456	0.1102001784
1425	0.9600719541	0.1101809327
1426	0.9600788319	0.1101576114
1427	0.9600805305	0.1101375052
1428	0.9600901819	0.1101108215
1429	0.9600608188	0.1100515107
1430	0.9600802594	0.1100282912
1431	0.9600977576	0.1099718899
1432	0.9601209182	0.1099485799
1433	0.9601520526	0.1099339418
1434	0.9601460393	0.1099119337
1435	0.960165168	0.1098882048
1436	0.9601874837	0.1098587928
1437	0.9601943708	0.109794195
1438	0.9602053411	0.1097626094
1439	0.9602064767	0.1097444731
1440	0.9602149635	0.1097113364
1441	0.9602075592	0.1096949549
1442	0.9602197724	0.1096804074
1443	0.9602323804	0.1096548445
1444	0.9602140922	0.1096096283
1445	0.9602080615	0.1095835107
1446	0.9602445632	0.1095446003
1447	0.9602537548	0.1095149619
1448	0.9602874771	0.1094816101
1449	0.9602585649	0.1094657154
1450	0.9602854079	0.1094393487
1451	0.96028995	0.1094067894
1452	0.9602504548	0.1093864116
1453	0.9602487376	0.1093515994
1454	0.9602481699	0.1093364859
1455	0.960243039	0.1093275649
1456	0.9602641834	0.1093135608
1457	0.9602818529	0.1092818619
1458	0.9602878437	0.1092471403
1459	0.9603062542	0.109200543
1460	0.9603108148	0.1091766443
1461	0.9603268783	0.1091405868
1462	0.9603468922	0.1091156352
1463	0.960379352	0.1090919403
1464	0.9603891388	0.1090747097
1465	0.9603893439	0.1090595282
1466	0.9604249716	0.1090274897
1467	0.9604197891	0.1089897794
1468	0.9604752325	0.1089628466
1469	0.9604351897	0.1089436009
1470	0.9604410734	0.1089058792
1471	0.9604753778	0.1088773842
1472	0.9604793554	0.1088419494
1473	0.9604948666	0.1088114166
1474	0.9605254649	0.1087556266
1475	0.9605331906	0.1087348072
1476	0.96054896	0.1087080896
1477	0.960536107	0.1086956364
1478	0.9605649205	0.1086651376
1479	0.9605691447	0.1086383633
1480	0.9605629074	0.1085940302
1481	0.9605565705	0.1085737656
1482	0.9605832318	0.1085324098
1483	0.9606040007	0.1084821105
1484	0.9606305975	0.1084256978
1485	0.9606546008	0.1083855874
1486	0.9606743219	0.1083296729
1487	0.9606367977	0.1082959475
1488	0.9606611602	0.1082646449
1489	0.9606759625	0.1082205834
1490	0.9606737646	0.1082017679
1491	0.9607159909	0.1081737597
1492	0.9607295114	0.1081537667
1493	0.9607629941	0.1081261887
1494	0.9607862872	0.1080932106
1495	0.9607868248	0.1080696628
1496	0.9607919486	0.1080445981
1497	0.9608192715	0.108019839
1498	0.9608318044	0.1080028914
1499	0.9608214763	0.1079779512
1500	0.9608514401	0.1079480637
1501	0.9608759327	0.1078995757
1502	0.9609339204	0.1078618653
1503	0.960931115	0.1078509858
1504	0.9609091762	0.1078197624
1505	0.960928362	0.1077649687
1506	0.9609398691	0.1077412851
1507	0.9609278189	0.1077200695
1508	0.9609365192	0.1076926273
1509	0.9609156531	0.1076754873
1510	0.9609147822	0.1076425204
1511	0.960952042	0.1076085347
1512	0.9609311443	0.1075829945
1513	0.9609608098	0.1075686847
1514	0.9609507713	0.1075301139
1515	0.9609827267	0.1074989358
1516	0.9609590607	0.1074715729
1517	0.9609942615	0.1074480138
1518	0.9609854797	0.1074229378
1519	0.9610154095	0.1073794311
1520	0.9610296136	0.1073435434
1521	0.9610752546	0.1073171088
1522	0.9610918435	0.1073078708
1523	0.9611120997	0.1072679868
1524	0.9611269024	0.1072293595
1525	0.9611371559	0.1071659844
1526	0.9611563243	0.107114485
1527	0.9611522638	0.1070696424
1528	0.961154559	0.1070360756
1529	0.9611449034	0.1069875989
1530	0.9611545898	0.1069358166
1531	0.9611751947	0.1069063932
1532	0.9611940787	0.1068674262
1533	0.9612062708	0.1068272932
1534	0.9611985618	0.1068131079
1535	0.9612254056	0.1067897074
1536	0.9612459703	0.1067548612
1537	0.9612325831	0.106705445
1538	0.9612325831	0.1066901389
1539	0.96124707	0.1066594816
1540	0.9612470608	0.1066406887
1541	0.9612911477	0.10661799
1542	0.961278843	0.1065798608
1543	0.9612663162	0.1065484676
1544	0.9612888772	0.1065153875
1545	0.9613403651	0.106472345
1546	0.9613411017	0.1064341818
1547	0.9613651004	0.1064093661
1548	0.9613838876	0.1063979998
1549	0.9613876386	0.1063723577
1550	0.9614241708	0.1063324058
1551	0.9614225492	0.1062962917
1552	0.9614440061	0.1062726421
1553	0.9614554845	0.106254902
1554	0.9614557267	0.1062301203
1555	0.9614851418	0.106203731
1556	0.9614653816	0.1061790058
1557	0.9614901824	0.1061321821
1558	0.9614736002	0.1060900565
1559	0.9614821871	0.1060344363
1560	0.9615104947	0.1060079904
1561	0.961547906	0.1059871031
1562	0.9615510614	0.1059706763
1563	0.9615413804	0.1059516569
1564	0.9615459411	0.1059356264
1565	0.9615556894	0.1059199581
1566	0.9615559664	0.1059042558
1567	0.9615865442	0.1058534357
1568	0.9615994004	0.1058332616
1569	0.9616054036	0.1058128045
1570	0.9616476918	0.1057635128
1571	0.9616322363	0.1057283044
1572	0.9616505477	0.1057066359
1573	0.9616519444	0.1056674878
1574	0.9616619859	0.1056436344
1575	0.9616914834	0.1056069656
1576	0.9616919714	0.1055925539
1577	0.9617105774	0.1055752328
1578	0.9617442963	0.1055267674
1579	0.9617437285	0.1055071255
1580	0.9617797599	0.1054754719
1581	0.9617929503	0.1054494561
1582	0.9618103357	0.1054227838
1583	0.9618253459	0.105375643
1584	0.9618202136	0.1053586389
1585	0.9618425292	0.1053128226
1586	0.9618579135	0.1052871579
1587	0.9618510109	0.1052627837
1588	0.9618313285	0.1052354434
1589	0.9618502703	0.1051987973
1590	0.9618425726	0.1051583812
1591	0.9618599403	0.1051224369
1592	0.9618570791	0.1051049459
1593	0.9618725209	0.1050953117
1594	0.9618545628	0.1050563108
1595	0.9618734079	0.1050200722
1596	0.9619094725	0.1049968867
1597	0.9619177769	0.1049834034
1598	0.9619185435	0.104959516
1599	0.9619227982	0.1049397495
1600	0.9619509043	0.1048932993
1601	0.9619605888	0.1048800084
1602	0.9619799874	0.1048608759
1603	0.9619779515	0.1048078595
1604	0.961967122	0.1047861118
1605	0.9619903233	0.1047666396
1606	0.9619772135	0.1047519563
1607	0.9620117579	0.1047227933
1608	0.9620091769	0.1046947738
1609	0.962008858	0.1046749959
1610	0.9620426579	0.1046298816
1611	0.9620277694	0.1045990545
1612	0.9620183519	0.1045677065
1613	0.9620495074	0.1045392455
1614	0.9620434742	0.1045057918
1615	0.9620521467	0.104470357
1616	0.9620700597	0.1044438771
1617	0.9620915671	0.1044224351
1618	0.9621088191	0.10440628
1619	0.9621053889	0.1043824719
1620	0.9621185497	0.1043618676
1621	0.962144558	0.1043425879
1622	0.9621659344	0.1043083305
1623	0.9621776193	0.1042826091
1624	0.9621764701	0.1042488724
1625	0.9622048286	0.1042123848
1626	0.962211094	0.1041840143
1627	0.9622265582	0.1041537645
1628	0.9622455096	0.1040989254
1629	0.9622423964	0.1040827363
1630	0.9622589158	0.1040439731
1631	0.9622611826	0.1040282596
1632	0.9622464234	0.1040067156
1633	0.9622516261	0.1039752545
1634	0.9623080469	0.1039310798
1635	0.9623455007	0.1038927242
1636	0.9623489302	0.1038668896
1637	0.9623721195	0.1038349643
1638	0.9623566345	0.1037937105
1639	0.962367774	0.1037646834
1640	0.9623826332	0.1037495245
1641	0.9623728918	0.1037041498
1642	0.9623652402	0.103673934
1643	0.9623617579	0.1036380124
1644	0.9623857034	0.1036238498
1645	0.96238913	0.1036056116
1646	0.9624408166	0.1035748411
1647	0.9624554076	0.1035383987
1648	0.9624576924	0.1035244172
1649	0.9624594022	0.1035070055
1650	0.9624791082	0.1034903522
1651	0.9625034292	0.1034615968
1652	0.9625165991	0.1034220864
1653	0.962552683	0.1033864478
1654	0.9625741117	0.1033563905
1655	0.9625832356	0.1033390806
1656	0.9625620622	0.1033106649
1657	0.9625916957	0.1032448218
1658	0.9626114354	0.1031922469
1659	0.9626162337	0.1031701935
1660	0.9626022063	0.1031360493
1661	0.962624441	0.103119464
1662	0.9626315795	0.1031030372
1663	0.9626372786	0.1030635042
1664	0.9626584351	0.103025975
1665	0.9626638674	0.102992227
1666	0.9626764059	0.1029815399
1667	0.9626901484	0.1029491278
1668	0.9626716939	0.1029131043
1669	0.9626593832	0.1028841451
1670	0.9626813679	0.1028667221
1671	0.9626928614	0.102846265
1672	0.9626724897	0.1028282759
1673	0.962688658	0.1028109773
1674	0.9626935313	0.1027916297
1675	0.962740974	0.1027475456
1676	0.9627383812	0.1027285716
1677	0.9627644324	0.1026996124
1678	0.9627515285	0.1026649247
1679	0.9627254863	0.102633056
1680	0.9627512821	0.1026156669
1681	0.9627452745	0.1025911003
1682	0.9627947596	0.1025278724
1683	0.9627783737	0.1024822826
1684	0.9627966753	0.1024505724
1685	0.9628332261	0.1024243642
1686	0.9628780922	0.1023791254
1687	0.9628927222	0.1023497247
1688	0.9629324353	0.102320324
1689	0.9629350446	0.1022901195
1690	0.9629099104	0.1022527601
1691	0.9629178648	0.102231352
1692	0.9629209723	0.1022130459
1693	0.9629318713	0.1021809508
1694	0.9629578555	0.1021585691
1695	0.9629663862	0.1021386554
1696	0.9629663862	0.1021246513
1697	0.9629872297	0.1020990431
1698	0.9629980541	0.1020830352
1699	0.9630080947	0.102043955
1700	0.9630043355	0.1020138071
1701	0.9630171857	0.1019771836
1702	0.9629808355	0.1019617983
1703	0.9629796953	0.1019523905
1704	0.9630105874	0.1019368468
1705	0.9630174239	0.1019089518
1706	0.9630302257	0.1018779774
1707	0.963055648	0.1018667356
1708	0.9630642491	0.1018394293
1709	0.9630510783	0.1018241686
1710	0.9630845433	0.1018137419
1711	0.9631145793	0.1017803109
1712	0.9631223006	0.1017472988
1713	0.9631517086	0.1017199472
1714	0.963170855	0.1016884295
1715	0.9631648376	0.1016641911
1716	0.963170586	0.1016400887
1717	0.9632103891	0.1016150466
1718	0.9632124223	0.1015896308
1719	0.9631812583	0.1015691964
1720	0.9632226811	0.1015308294
1721	0.9632194979	0.1014914436
1722	0.9632200746	0.1014638542
1723	0.9632318427	0.1014510501
1724	0.9632351961	0.1014434537
1725	0.9632386264	0.1014229287
1726	0.9632361099	0.1014034565
1727	0.9632441603	0.101362248
1728	0.9632624592	0.1013436702
1729	0.9632879532	0.1013286132
1730	0.9632802316	0.1013070806
1731	0.9632767969	0.1012928614
1732	0.9632853236	0.1012240296
1733	0.9633268451	0.1011926703
1734	0.9633391419	0.101161096
1735	0.963340512	0.1011405596
1736	0.9633593939	0.1011161741
1737	0.9633527989	0.1010891395
1738	0.9633807901	0.1010645955
1739	0.9634033546	0.101045712
1740	0.9634228343	0.1010218134
1741	0.9634345448	0.101002862
1742	0.9634612438	0.10095991
1743	0.9634740437	0.1009331131
1744	0.9634983818	0.1008950178
1745	0.9635058366	0.100864802
1746	0.9635061657	0.1008481714
1747	0.9635093338	0.1008103705
1748	0.9635301961	0.1007971136
1749	0.963552181	0.1007626977
1750	0.9635498986	0.1007447425
1751	0.9635427334	0.1007079605
1752	0.9635559348	0.1006850581
1753	0.9635650402	0.1006465439
1754	0.9636015861	0.1006066147
1755	0.9636046772	0.1005621683
1756	0.9635787412	0.1005248429
1757	0.9635898357	0.1004861589
1758	0.9635918551	0.1004647622
1759	0.9636055611	0.1004299726
1760	0.9636078768	0.1004019644
1761	0.9635998416	0.1003798884
1762	0.9636355788	0.1003307099
1763	0.9636516286	0.1003078301
1764	0.963670187	0.1002869201
1765	0.9636893982	0.1002672895
1766	0.9637085184	0.1002395756
1767	0.9637011114	0.1001939632
1768	0.9637205486	0.1001701437
1769	0.9637534594	0.1001320258
1770	0.9637637132	0.1001064856
1771	0.9637903936	0.1000551108
1772	0.9638161209	0.1000278158
1773	0.9638089662	0.1000104606
1774	0.9638158831	0.09999790561
1775	0.9638229694	0.09998372036
1776	0.9638252005	0.09994672324
1777	0.9638297298	0.09992097922
1778	0.9638262605	0.09989161248
1779	0.9638897637	0.09985726448
1780	0.9638940042	0.09983363749
1781	0.9638897681	0.09979933478
1782	0.9638968135	0.09974599009
1783	0.9639053615	0.09973009537
1784	0.9639127782	0.09969438885
1785	0.9639282735	0.09964501784
1786	0.9639533997	0.09962300976
1787	0.9639485241	0.0995934732
1788	0.9639859942	0.09956537441
1789	0.9639934068	0.09955754026
1790	0.9639939446	0.09954413616
1791	0.9639644847	0.09953186417
1792	0.9639684899	0.09950729753
1793	0.9639705267	0.09948819896
1794	0.9639901684	0.09946097189
1795	0.9639833327	0.09944665079
1796	0.9639787728	0.09942643143
1797	0.9639972942	0.09939714393
1798	0.9640055942	0.09937931331
1799	0.9640184718	0.09934772764
1800	0.9639990432	0.09933237633
1801	0.9640185123	0.09930612286
1802	0.964051401	0.09927638252
1803	0.9640622344	0.09924574782
1804	0.9640656678	0.09921711694
1805	0.9640699133	0.09916253827
1806	0.9640704944	0.09913498288
1807	0.9640679569	0.0991006462
1808	0.9640313901	0.09907820793
1809	0.96407773	0.09906370569
1810	0.9640915159	0.0990360371
1811	0.9640983566	0.09902361793
1812	0.9641051668	0.09901530829
1813	0.9641240425	0.09899234925
1814	0.9641460942	0.09896461273
1815	0.9641466621	0.09894234427
1816	0.9641506328	0.09892315513
1817	0.9641712254	0.0988927242
1818	0.9641595269	0.09887594644
1819	0.9641546387	0.0988609574
1820	0.9641841125	0.09883377561
1821	0.9641853322	0.0988173488
1822	0.9641678914	0.09877631007
1823	0.964208183	0.09872783343
1824	0.9642059306	0.09871108963
1825	0.9641953507	0.09869424394
1826	0.9642184734	0.09867015279
1827	0.9642507933	0.09864072944
1828	0.9642613602	0.09862791403
1829	0.964248763	0.09861170232
1830	0.9642704909	0.09858769042
1831	0.9642810448	0.09856911261
1832	0.9643010833	0.09855456509
1833	0.9642656575	0.09853000978
1834	0.9642853781	0.09851375278
1835	0.9642999369	0.09849709955
1836	0.9643053848	0.0984708008
1837	0.9642953672	0.09845309472
1838	0.9643059746	0.09843801511
1839	0.9643513991	0.09840967857
1840	0.9643465195	0.09838186281
1841	0.9643739058	0.09835598294
1842	0.9643550653	0.09832864265
1843	0.9643633698	0.0983078346
1844	0.9643810835	0.09828867942
1845	0.9644074378	0.09825035774
1846	0.964412307	0.09823553852
1847	0.964429417	0.09822208914
1848	0.9644519354	0.09817443893
1849	0.9644645527	0.09814894397
1850	0.9644779968	0.0981311926
1851	0.9644711434	0.09809574646
1852	0.9644768504	0.09807976117
1853	0.9644822245	0.09804931893
1854	0.9644808299	0.09803307325
1855	0.9644757127	0.09801123499
1856	0.9644919362	0.09799240812
1857	0.9645296476	0.09796520369
1858	0.9645622757	0.09794166727
1859	0.9645894536	0.09791527795
1860	0.9645989449	0.09788694142
1861	0.9646081028	0.09785400855
1862	0.9646006697	0.09783986859
1863	0.9645980007	0.09780638098
1864	0.9646177876	0.09779316934
1865	0.9646392867	0.09776990463
1866	0.9646518269	0.09774714937
1867	0.9646581032	0.09771774866
1868	0.9646486581	0.09769508396
1869	0.9646567005	0.09765544904
1870	0.9646581704	0.09763748257
1871	0.9646895794	0.09757936041
1872	0.9646999005	0.09756360154
1873	0.9647035885	0.09753979341
1874	0.9647230472	0.09752565345
1875	0.9647616473	0.0974966603
1876	0.9647639109	0.09745074221
1877	0.9647636031	0.09742788505
1878	0.9647681802	0.09740711096
1879	0.9647796849	0.09738268019
1880	0.964784507	0.09735343797
1881	0.9647916723	0.09734127919
1882	0.9648165814	0.0973135087
1883	0.9648188932	0.09728887415
1884	0.9648415248	0.09726229237
1885	0.9648449453	0.09724456364
1886	0.9648886621	0.09721215154
1887	0.9648869584	0.09719967577
1888	0.9649081214	0.09717371665
1889	0.9649149878	0.09715015759
1890	0.9649181391	0.09713412701
1891	0.964937305	0.09709631478
1892	0.964971599	0.09706261208
1893	0.9649873744	0.09702914712
1894	0.9649956671	0.09701097687
1895	0.9649971117	0.0969914481
1896	0.9650371628	0.09697181743
1897	0.9650431449	0.09694365071
1898	0.9650357967	0.09692605784
1899	0.9650600954	0.09689734771
1900	0.9650789222	0.09686109778
1901	0.9650705951	0.09683708588
1902	0.9650980723	0.09680002083
1903	0.9651224227	0.09675405746
1904	0.9651644253	0.09671136586
1905	0.9651795262	0.09668179533
1906	0.9652038886	0.09666420246
1907	0.9652313394	0.09664040566
1908	0.9652476033	0.09662924312
1909	0.9652290089	0.09661279367
1910	0.965231036	0.09658753645
1911	0.9652293322	0.09657990608
1912	0.9652144291	0.09655361865
1913	0.9652052978	0.09653516538
1914	0.9652206893	0.09651811591
1915	0.9652218423	0.09650404387
1916	0.9652578995	0.09645419738
1917	0.965265318	0.09644285371
1918	0.965320817	0.0964046226
1919	0.9653411219	0.09636839531
1920	0.9653466129	0.09633262086
1921	0.9653377264	0.09629939365
1922	0.9653317192	0.09627710254
1923	0.9653674367	0.09625256987
1924	0.9653923463	0.0962365959
1925	0.9654227324	0.09620704802
1926	0.9654130303	0.09618516447
1927	0.9654482314	0.09615545809
1928	0.9654557265	0.0961346274
1929	0.9654648534	0.09609081502
1930	0.9654614059	0.09606946356
1931	0.9654608843	0.09605001404
1932	0.9654719986	0.09603739109
1933	0.965480318	0.09601794157
1934	0.9655021112	0.0959986845
1935	0.9655101152	0.09596996305
1936	0.9655343955	0.09592298078
1937	0.9655563556	0.0958923008
1938	0.965577546	0.09586458692
1939	0.9655812547	0.09585331117
1940	0.9655998523	0.09582840491
1941	0.9656139113	0.09580195899
1942	0.9656096016	0.0957853284
1943	0.965600144	0.09576475809
1944	0.9656250145	0.09572590432
1945	0.965637929	0.09570492646
1946	0.965655622	0.09566884634
1947	0.965652174	0.09563727199
1948	0.965661323	0.09560059186
1949	0.9656733348	0.09556086638
1950	0.9656801991	0.09553780544
1951	0.9657082219	0.09549357418
1952	0.965699347	0.09547282274
1953	0.9657010594	0.09545037314
1954	0.9656950604	0.09542049695
1955	0.9657346085	0.09539059811
1956	0.9657529398	0.09536971082
1957	0.9657420844	0.09535580859
1958	0.9657626522	0.09533752513
1959	0.9657362797	0.09531644538
1960	0.9657680751	0.09528264079
1961	0.965744891	0.09526582906
1962	0.9657491707	0.09523117539
1963	0.9658061855	0.09519233295
1964	0.9658075487	0.09517012109
1965	0.9658184174	0.09516002273
1966	0.9658284413	0.09514982249
1967	0.9658155717	0.09513336171
1968	0.9658653142	0.09510100621
1969	0.9658681456	0.09506244679
1970	0.9658864626	0.095027295
1971	0.9658881665	0.09500131324
1972	0.9659202483	0.09497933912
1973	0.9659185401	0.09495676499
1974	0.9659248335	0.09494024195
1975	0.965921397	0.09490123535
1976	0.9659322214	0.09488235754
1977	0.9659470917	0.09484326603
1978	0.9659613659	0.0948265109
1979	0.9659891642	0.09480562361
1980	0.9659894904	0.09477919467
1981	0.965996339	0.09476716041
1982	0.9659648233	0.09475849983
1983	0.9660031927	0.09473237656
1984	0.9660438373	0.09471891585
1985	0.9660363648	0.09469613794
1986	0.9660414647	0.09467331475
1987	0.9660944154	0.09465028212
1988	0.9661161969	0.09460301117
1989	0.9661133213	0.09457974645
1990	0.9661067362	0.09454403427
1991	0.9661190367	0.09452524702
1992	0.96611732	0.09450594467
1993	0.9661244983	0.094481412
1994	0.966113629	0.09446475311
1995	0.9661170368	0.09445311509
1996	0.9661433602	0.09444485074
1997	0.9661493579	0.0944156991
1998	0.9661582399	0.09440223273
1999	0.9661965835	0.09437885481
2000	0.9662060256	0.09436400728
2001	0.9661962466	0.09432899134
2002	0.9661973886	0.09431100789
2003	0.966189098	0.09428079772
2004	0.9662188444	0.0942659785
2005	0.9662108487	0.09424241378
2006	0.9662180119	0.09421770564
2007	0.9662308128	0.09420329397
2008	0.9662428215	0.09417884621
2009	0.9662668638	0.09416376094
2010	0.9662729092	0.09412950917
2011	0.9662863505	0.09411570317
2012	0.9662743499	0.0941017217
2013	0.9662820449	0.0940842477
2014	0.9662883312	0.094068936
2015	0.9662943328	0.09405402621
2016	0.9663396063	0.09403066527
2017	0.9663696764	0.09398716988
2018	0.9663750779	0.09394850291
2019	0.9663990693	0.09392813072
2020	0.9663987994	0.09390487166
2021	0.9663953873	0.0938972979
2022	0.9663970997	0.09388764672
2023	0.9664093797	0.09386016492
2024	0.9664316633	0.0938299491
2025	0.9664382756	0.09381064109
2026	0.9664551834	0.09378239512
2027	0.9664672118	0.09374776976
2028	0.9664723548	0.0937344166
2029	0.9664843574	0.09370604611
2030	0.9664886013	0.09368665319
2031	0.966520426	0.09366412434
2032	0.9665243776	0.09364513898
2033	0.9665529873	0.09362336298
2034	0.9665443949	0.09360863998
2035	0.9665858584	0.09355539719
2036	0.9665735289	0.09353678542
2037	0.9665746307	0.09349312587
2038	0.966578615	0.09348583513
2039	0.9665823617	0.0934590609
2040	0.9665917878	0.09343584713
2041	0.9665980881	0.09341901842
2042	0.9666086704	0.09338097977
2043	0.9666175471	0.09336798889
2044	0.9666229759	0.09335061111
2045	0.9666395615	0.09330103067
2046	0.966660157	0.09328454159
2047	0.9666612845	0.09326810346
2048	0.9666564036	0.09325220873
2049	0.9666518197	0.09324235944
2050	0.9666595474	0.09322143818
2051	0.9666907519	0.09319950369
2052	0.9667079391	0.093189094
2053	0.9667113349	0.09315377805
2054	0.9667308415	0.09311208837
2055	0.9667173917	0.09309490871
2056	0.9667242479	0.09307932531
2057	0.9667108001	0.09305982484
2058	0.9667205449	0.0930456679
2059	0.9667176646	0.09300332725
2060	0.9667159541	0.09298492492
2061	0.9667314219	0.09296677165
2062	0.9667448825	0.09294823913
2063	0.9667319918	0.09291050048
2064	0.9667517241	0.09288892826
2065	0.9667967022	0.09285126886
2066	0.9668175638	0.0928297023
2067	0.9668178668	0.0928105075
2068	0.9668204457	0.09277734255
2069	0.9668310215	0.09276767439
2070	0.9668175638	0.09274885318
2071	0.9668701549	0.09270153694
2072	0.9668761547	0.09267363061
2073	0.9669138869	0.09264809037
2074	0.9669387873	0.09263311831
2075	0.9669316268	0.092614082
2076	0.9669708155	0.09258551339
2077	0.9669951539	0.09256590537
2078	0.9670128873	0.09254209158
2079	0.9670065976	0.0925293158
2080	0.9669802529	0.0924881016
2081	0.9669813632	0.09244867612
2082	0.9669813426	0.09242631709
2083	0.96701977	0.09239678619
2084	0.9670460399	0.09236467409
2085	0.9670804274	0.09233380731
2086	0.9670775917	0.09231430684
2087	0.9670872854	0.09229322708
2088	0.9670832343	0.09227860031
2089	0.9670760655	0.09226049799
2090	0.9670643109	0.09224450704
2091	0.9670849011	0.0922269085
2092	0.9671298503	0.09221000054
2093	0.9671510988	0.09218535467
2094	0.9671639505	0.092153152
2095	0.9671515905	0.09214607636
2096	0.9671598635	0.09212356449
2097	0.9671779419	0.09210393949
2098	0.9672062626	0.09208354466
2099	0.9671719216	0.09205857613
2100	0.9672056771	0.09199251227
2101	0.9672263122	0.09196015111
2102	0.9672675942	0.09193172967
2103	0.9672712722	0.0919100499
2104	0.9672753079	0.09188470778
2105	0.9673147615	0.09185311079
2106	0.9673199123	0.09184435398
2107	0.9673657404	0.09181807221
2108	0.9673723517	0.09180131143
2109	0.9673712074	0.09177702216
2110	0.9673843708	0.09175987646
2111	0.9673901033	0.09175160645
2112	0.9673766581	0.09172655868
2113	0.9673963691	0.09169347863
2114	0.9674124075	0.09166668742
2115	0.9674175194	0.09164882284
2116	0.9674200573	0.09162952615
2117	0.9674143254	0.09159963863
2118	0.9674403727	0.09158664209
2119	0.9674292276	0.09157296629
2120	0.9674394683	0.09154122213
2121	0.9674631526	0.09151906122
2122	0.9674811801	0.09149513422
2123	0.9674952567	0.09147427523
2124	0.9675442194	0.09144226502
2125	0.9675467919	0.09140709059
2126	0.9675442621	0.09138399003
2127	0.967565885	0.09136846324
2128	0.9675564051	0.09133825874
2129	0.9675650166	0.0913237282
2130	0.9675838936	0.09130208239
2131	0.9676019545	0.09128724618
2132	0.9676088107	0.09126102668
2133	0.9676036544	0.09125099625
2134	0.9676059306	0.09123658458
2135	0.9676793024	0.09120724048
2136	0.9676511977	0.09118297385
2137	0.9676678136	0.09116510927
2138	0.9676823709	0.09115129196
2139	0.9676740653	0.09113966526
2140	0.967662344	0.09110720221
2141	0.9676719574	0.09107902983
2142	0.9676650503	0.09106637292
2143	0.9676873969	0.09104147798
2144	0.9676930893	0.09103130604
2145	0.9677010579	0.09101307918
2146	0.9677213444	0.09099550329
2147	0.9677611152	0.09097428768
2148	0.9677719937	0.09095477589
2149	0.9677860328	0.09093500937
2150	0.9678014589	0.0909136749
2151	0.9678100861	0.09089470651
2152	0.9678186554	0.09088758559
2153	0.9678289205	0.09086488693
2154	0.9678733445	0.09082637279
2155	0.9678739207	0.0908119215
2156	0.96789368	0.09079668905
2157	0.9678994137	0.09077974147
2158	0.9679262874	0.09075602958
2159	0.9679388746	0.09072786286
2160	0.9679717872	0.09071920228
2161	0.968006211	0.09070591705
2162	0.968050009	0.09068448634
2163	0.9680526016	0.09066571608
2164	0.9680499752	0.09065068175
2165	0.9680722849	0.09062700382
2166	0.9680874463	0.09059022746
2167	0.9680702611	0.09057660827
2168	0.9681051871	0.09055992673
2169	0.9681831095	0.09052544854
2170	0.9681831095	0.09051293314
2171	0.9681424138	0.09048267769
2172	0.9681833356	0.09046708298
2173	0.9681873892	0.09044899764
2174	0.9681899687	0.09043781812
2175	0.9682037195	0.09040739852
2176	0.968205458	0.09038897355
2177	0.9682237185	0.09035751241
2178	0.9682403703	0.09033916102
2179	0.9682461017	0.09032199834
2180	0.9682483697	0.09030862255
2181	0.9682607038	0.09029183912
2182	0.9682589567	0.0902750557
2183	0.9682941648	0.09024615311
2184	0.9682895691	0.09022862816
2185	0.9683055808	0.09020718048
2186	0.9683067585	0.09018288555
2187	0.9683147571	0.09016858709
2188	0.9683258956	0.09014551484
2189	0.9683093041	0.09011903495
2190	0.9683230776	0.09008975877
2191	0.9683517007	0.0900548334
2192	0.9683728571	0.09003865565
2193	0.9683842791	0.09000568316
2194	0.9683662495	0.08998360149
2195	0.9683868491	0.08995259886
2196	0.9683957263	0.08994111367
2197	0.9684134717	0.08991646213
2198	0.9684071801	0.08989093888
2199	0.9684148774	0.08987382148
2200	0.9684403603	0.08985397006
2201	0.9684446118	0.08981861449
2202	0.9684480557	0.08979828758
2203	0.9684460928	0.08978036639
2204	0.9684643776	0.08975861304
2205	0.9684703648	0.08974563348
2206	0.9684700849	0.0897242707
2207	0.9684663263	0.08970582874
2208	0.9685046856	0.0896879019
2209	0.968496082	0.08967168452
2210	0.968497483	0.089655603
2211	0.9684995463	0.08964052339
2212	0.9685161211	0.08961083966
2213	0.968536452	0.08959278262
2214	0.9685369758	0.0895723425
2215	0.9685544679	0.08954414748
2216	0.9686111801	0.08950101436
2217	0.9685905528	0.08947716096
2218	0.9686417869	0.08944871121
2219	0.9686437523	0.08943908834
2220	0.9686546469	0.08942711635
2221	0.968679533	0.08939891001
2222	0.9686669348	0.08938174733
2223	0.9686741023	0.08936256385
2224	0.968673804	0.08935152019
2225	0.9686832477	0.0893342443
2226	0.9687001369	0.08931459665
2227	0.9686783481	0.08930062651
2228	0.9687087184	0.089267971
2229	0.9686806489	0.08925089889
2230	0.9686717729	0.08922876628
2231	0.968710181	0.08920976393
2232	0.9687231221	0.08918636337
2233	0.9687176706	0.08917711975
2234	0.968722542	0.08916849879
2235	0.9687162287	0.08915579659
2236	0.9687075945	0.08913053938
2237	0.9687259137	0.08911833531
2238	0.9687465053	0.08910262738
2239	0.9687387369	0.08907655506
2240	0.9687490145	0.08905373752
2241	0.968758152	0.08904087118
2242	0.9687512786	0.08903165586
2243	0.9687951015	0.0890035231
2244	0.9688062372	0.08897464316
2245	0.9688094085	0.08894186878
2246	0.9688131274	0.08891552475
2247	0.9688154117	0.08889610919
2248	0.9688142797	0.08888396739
2249	0.9688442748	0.08886626696
2250	0.9688580341	0.08883552471
2251	0.9688580341	0.08882741319
2252	0.9688591702	0.08882370555
2253	0.968877809	0.08879766153
2254	0.968894119	0.08877080239
2255	0.9688714885	0.08875578505
2256	0.968874929	0.08873529398
2257	0.9689124437	0.08871569728
2258	0.9689201837	0.08870674801
2259	0.9689201744	0.08868069267
2260	0.9689276085	0.08866616213
2261	0.9689267506	0.08864612391
2262	0.9689264805	0.08862701967
2263	0.9689350628	0.08860725316
2264	0.9689473593	0.08858441864
2265	0.9689395697	0.08857379386
2266	0.9689527674	0.0885566142
2267	0.9689885724	0.08852554364
2268	0.9689836746	0.08850543183
2269	0.9690097356	0.08847449712
2270	0.9690074078	0.08844986256
2271	0.969018339	0.08842337702
2272	0.969065889	0.08839234608
2273	0.9690604668	0.08837682495
2274	0.9690970815	0.08836240762
2275	0.9691030838	0.08834982996
2276	0.9691282798	0.08833533338
2277	0.9691451674	0.08832277836
2278	0.9691715342	0.08829825701
2279	0.9691586348	0.08828982285
2280	0.9691689383	0.08826308824
2281	0.9691709399	0.08823230637
2282	0.96919728	0.08821269268
2283	0.9691989957	0.0881947715
2284	0.9691904057	0.08817338041
2285	0.9692313436	0.08814742696
2286	0.9692537014	0.08812270183
2287	0.9692459643	0.08810574859
2288	0.9692041481	0.08807603089
2289	0.9692052614	0.08805550587
2290	0.9692210099	0.08804077155
2291	0.9692498893	0.08801739363
2292	0.9692578457	0.08799490441
2293	0.969271685	0.08795927147
2294	0.969293467	0.08793523693
2295	0.9692877103	0.08790377013
2296	0.9693043308	0.08788042617
2297	0.9692937023	0.08785390666
2298	0.9693241029	0.0878391497
2299	0.9693389377	0.08782047566
2300	0.9693587522	0.08781390947
2301	0.969367892	0.08780128652
2302	0.9693732685	0.08778642767
2303	0.9693692721	0.08776477055
2304	0.9694136294	0.08773221127
2305	0.9694110476	0.08771465801
2306	0.9694125174	0.08770248225
2307	0.9694179433	0.08768766868
2308	0.9694328543	0.08766509455
2309	0.9694274407	0.08765240934
2310	0.9694193928	0.0876259804
2311	0.9694299582	0.0876065422
2312	0.9694603221	0.08758009627
2313	0.969461173	0.08756799409
2314	0.9694270653	0.08754959176
2315	0.9694287519	0.08753546312
2316	0.9694756997	0.08752187789
2317	0.9695071916	0.08750023774
2318	0.969536165	0.08746990305
2319	0.9695435936	0.08744762892
2320	0.9695335357	0.08743159269
2321	0.9695756226	0.08740573546
2322	0.9695859076	0.08740007495
2323	0.9695853316	0.08738805767
2324	0.9695764656	0.08737634041
2325	0.9696008133	0.08735600784
2326	0.96960938	0.08734372453
2327	0.9696219886	0.08731653708
2328	0.9696027728	0.08728940057
2329	0.9696552019	0.08726140367
2330	0.9696474559	0.08724824298
2331	0.9696503161	0.08723469737
2332	0.9696420061	0.08721388932
2333	0.9696385252	0.08718613582
2334	0.9696396613	0.08717594689
2335	0.9696419454	0.0871624126
2336	0.969678858	0.08712854009
2337	0.9696966099	0.08710966793
2338	0.9696998149	0.08709669403
2339	0.9697086815	0.08708134272
2340	0.9697064053	0.08707091605
2341	0.969726369	0.08701514867
2342	0.9697335055	0.08699272171
2343	0.9697463636	0.08696198512
2344	0.9697701036	0.08692641445
2345	0.9697732887	0.08690605924
2346	0.9697798904	0.08689121171
2347	0.969809724	0.08686696773
2348	0.9698263205	0.08685509763
2349	0.9698303087	0.08684425775
2350	0.9698540752	0.08682810264
2351	0.9698681275	0.08679830569
2352	0.9698764378	0.08678943567
2353	0.9698563633	0.08677975053
2354	0.9698618213	0.08675988213
2355	0.969842364	0.08674416288
2356	0.9698544117	0.08670653744
2357	0.9698861891	0.08667051959
2358	0.9698950375	0.08665561546
2359	0.969920509	0.08663062429
2360	0.9699336779	0.08660113867
2361	0.9699147384	0.0865805627
2362	0.9699178907	0.08655672628
2363	0.9699279053	0.08654264858
2364	0.9699350931	0.08652512363
2365	0.9699453717	0.08651341768
2366	0.9699808796	0.08649360588
2367	0.9699676701	0.08647471675
2368	0.9700164375	0.08644794252
2369	0.9700107255	0.08643575543
2370	0.9700213045	0.08642515895
2371	0.9700163976	0.08641050388
2372	0.9700249685	0.08638256358
2373	0.9700384283	0.08636479523
2374	0.9700435746	0.08634384
2375	0.9700728149	0.08631991867
2376	0.9700722509	0.08630382017
2377	0.9700885935	0.08627602138
2378	0.9701003168	0.08625510012
2379	0.9701252354	0.0862081688
2380	0.9701346313	0.08619289107
2381	0.9701386707	0.08617914168
2382	0.9701398107	0.08616975089
2383	0.9701117301	0.08614048603
2384	0.9701403063	0.08612501585
2385	0.9701512207	0.08611090985
2386	0.9701626766	0.08608248841
2387	0.9701589872	0.0860698032
2388	0.970180707	0.0860491593
2389	0.9701729395	0.08602448512
2390	0.9701832433	0.08600386387
2391	0.9702185074	0.08598560305
2392	0.9702058723	0.08596420064
2393	0.9702021107	0.0859339735
2394	0.9702155419	0.08592384118
2395	0.970224487	0.08588777804
2396	0.9702711524	0.08586253781
2397	0.9703003196	0.08583845232
2398	0.9702859653	0.08581801221
2399	0.9702784823	0.0857965532
2400	0.970314907	0.08577339604
2401	0.9703114908	0.08576281654
2402	0.9702994205	0.08575331253
2403	0.9703171678	0.08573214221
2404	0.9703509764	0.08571133416
2405	0.9703693186	0.08569367336
2406	0.9703695837	0.08567314833
2407	0.970383354	0.08565185914
2408	0.9703951064	0.08563936638
2409	0.9703970992	0.08561918665
2410	0.9704429015	0.08558999538
2411	0.9704245744	0.08557632524
2412	0.9704308448	0.08556890997
2413	0.9704394252	0.08554359049
2414	0.9704391222	0.08551019345
2415	0.9704334378	0.08550154985
2416	0.970459217	0.08548596645
2417	0.970458641	0.08545593177
2418	0.9704494584	0.08544760515
2419	0.9704680929	0.08543511806
2420	0.9704390535	0.08538398097
2421	0.9704651641	0.08536897495
2422	0.9704754446	0.08535789732
2423	0.9705012269	0.0853263909
2424	0.9704975067	0.08530546398
2425	0.9705370892	0.08528853338
2426	0.9705041447	0.08526953104
2427	0.9705310507	0.08525668733
2428	0.9705433677	0.08522614886
2429	0.9705619966	0.0852120655
2430	0.9705831662	0.08519746137
2431	0.9706055633	0.08518067795
2432	0.9706107034	0.08516615307
2433	0.9706327688	0.08515109044
2434	0.9706396578	0.08513679198
2435	0.9706416426	0.08512684646
2436	0.9706229817	0.08510421006
2437	0.9706287477	0.0850905569
2438	0.9706146676	0.0850565542
2439	0.9706140432	0.08503565558
2440	0.9706097647	0.08502313452
2441	0.9706221126	0.08501736646
2442	0.9706307016	0.08500975873
2443	0.9706295576	0.08498720724
2444	0.970643887	0.08498164295
2445	0.9706372433	0.08495726312
2446	0.9706524408	0.08493140023
2447	0.9706484487	0.08491282242
2448	0.9706432547	0.0849031486
2449	0.9706412445	0.0848857312
2450	0.970646078	0.08486925911
2451	0.9706655932	0.08484447172
2452	0.9706607298	0.08482651656
2453	0.9706876826	0.08480664816
2454	0.9706864937	0.0847888232
2455	0.9707145517	0.08477261149
2456	0.9707260303	0.08475847719
2457	0.9707340399	0.08472862363
2458	0.970736316	0.0847177045
2459	0.9708233824	0.0846832716
2460	0.970814799	0.08466574664
2461	0.9708139461	0.08464801791
2462	0.9708205211	0.08463495345
2463	0.970814174	0.08462441923
2464	0.9708207659	0.08459963184
2465	0.9708090457	0.0845839975
2466	0.9708233891	0.08457356517
2467	0.9708128089	0.08455874029
2468	0.9708322767	0.0845450475
2469	0.9708394106	0.08453010941
2470	0.9708773074	0.08447956668
2471	0.9709265528	0.0844540321
2472	0.9709256647	0.08443013907
2473	0.9709213436	0.08440947253
2474	0.9709600202	0.0843768057
2475	0.9709573816	0.08436240536
2476	0.9709725836	0.08434644837
2477	0.9709817734	0.0843113928
2478	0.9709823376	0.0842908508
2479	0.9710020805	0.08426847479
2480	0.9709957468	0.08425468577
2481	0.9710031709	0.08422425485
2482	0.9710080822	0.0842115753
2483	0.9710378996	0.08419527868
2484	0.9710502156	0.08418239535
2485	0.9710358597	0.08417055921
2486	0.9710399017	0.08414924172
2487	0.9710435569	0.08411860702
2488	0.9710682827	0.0840937234
2489	0.971102322	0.08406526233
2490	0.9711229764	0.0840466449
2491	0.9711197923	0.08403615597
2492	0.9711206311	0.08401108555
2493	0.9711085978	0.08399761353
2494	0.971115194	0.08398259052
2495	0.9711291909	0.08397184121
2496	0.97111203	0.08395380681
2497	0.9711331568	0.08392608727
2498	0.9711426401	0.08391734178
2499	0.971150442	0.08389513558
2500	0.9711516007	0.08387151426
2501	0.9711498842	0.08384295696
2502	0.9711498842	0.08382851133
2503	0.9711578765	0.08379955214
2504	0.9711607253	0.08378479518
2505	0.9711747996	0.0837773233
2506	0.9711798723	0.08374986415
2507	0.9711830102	0.08374073374
2508	0.9712059452	0.08372931082
2509	0.9712024173	0.08369825158
2510	0.9712044187	0.08367752844
2511	0.9711958316	0.08366908295
2512	0.9712127385	0.08365390711
2513	0.9712402843	0.08364597673
2514	0.9712609151	0.08363484816
2515	0.97125746	0.08362661777
2516	0.9712783609	0.08361425521
2517	0.9712996042	0.08360481914
2518	0.9713443219	0.08357095228
2519	0.9713506334	0.08356087656
2520	0.9713434611	0.08354150629
2521	0.9713506137	0.0835163736
2522	0.9713425937	0.08349853732
2523	0.9713489129	0.08348956541
2524	0.9713664207	0.08346688373
2525	0.9713979343	0.08344557755
2526	0.9713688894	0.0834238808
2527	0.9713752045	0.08340762947
2528	0.9713869257	0.08339810848
2529	0.9713949375	0.08338313076
2530	0.9714143812	0.08336596242
2531	0.9714318343	0.08332254062
2532	0.9714464547	0.083308695
2533	0.9714556652	0.08329674566
2534	0.9714727865	0.08326114668
2535	0.9714512462	0.0832430104
2536	0.971464104	0.08322979876
2537	0.9714517857	0.08321821735
2538	0.9714603773	0.08320204526
2539	0.9714609492	0.08319278466
2540	0.9714586651	0.08317056714
2541	0.9714529075	0.0831589178
2542	0.971492162	0.08313858523
2543	0.9715027079	0.08310975624
2544	0.9715190254	0.08308586321
2545	0.9715399581	0.08306928356
2546	0.9715740538	0.08305672288
2547	0.9715728586	0.0830494378
2548	0.9715837707	0.08303962247
2549	0.9715872268	0.0830294109
2550	0.9715860944	0.08302371642
2551	0.9715923551	0.08299975547
2552	0.9715829055	0.08298492492
2553	0.9715880775	0.08297548318
2554	0.971596959	0.08295225809
2555	0.9715952317	0.08292450459
2556	0.9716144211	0.08290497016
2557	0.9716141163	0.0828929359
2558	0.9716229942	0.08287449961
2559	0.9716195552	0.08285538972
2560	0.9716209926	0.08284152146
2561	0.9716645438	0.08280653948
2562	0.9716688067	0.08279011267
2563	0.971680028	0.08277420096
2564	0.9716872056	0.08275869115
2565	0.971677399	0.08273629816
2566	0.9717115453	0.08271038999
2567	0.9717276268	0.08269733118
2568	0.9717130002	0.08267586085
2569	0.9717356953	0.08266208316
2570	0.9717402364	0.08264069774
2571	0.9717327877	0.08262294637
2572	0.971721871	0.0825995175
2573	0.9717605151	0.08257672261
2574	0.971800698	0.08254119722
2575	0.9718126765	0.08252244394
2576	0.9718384781	0.08249459987
2577	0.9718487521	0.08245469325
2578	0.971863944	0.08243713999
2579	0.9718656521	0.08242911338
2580	0.9719108882	0.08240246368
2581	0.9719148877	0.08238712369
2582	0.9718994325	0.08237494226
2583	0.9719057455	0.08235628521
2584	0.9719092257	0.08233467337
2585	0.971895998	0.08232399764
2586	0.9719157989	0.0823147427
2587	0.9719062961	0.08230069896
2588	0.9719237973	0.08226437544
2589	0.9719243654	0.08225473559
2590	0.9719131499	0.08223691629
2591	0.9719312466	0.08221590446
2592	0.9719318223	0.08219498886
2593	0.9719355207	0.08218199232
2594	0.9719320518	0.08215695587
2595	0.9719119874	0.08213546289
2596	0.9719320861	0.08210229228
2597	0.9719343585	0.08209092597
2598	0.9719557968	0.0820736897
2599	0.971969849	0.082061763
2600	0.971977016	0.08204625319
2601	0.9719939165	0.08202191298
2602	0.9720059225	0.082003805
2603	0.9720036463	0.08199333871
2604	0.9719970359	0.08197288161
2605	0.9720070549	0.08196105113
2606	0.972018839	0.08194251861
2607	0.9720383167	0.08192857111
2608	0.9720497115	0.08190089119
2609	0.9720734722	0.08187692457
2610	0.9720671583	0.08187078292
2611	0.9720740441	0.08185138434
2612	0.9720568149	0.08182221005
2613	0.9720679873	0.08180289071
2614	0.9720958149	0.08176380486
2615	0.972108118	0.08172324728
2616	0.972133059	0.08170989979
2617	0.9721442333	0.081693756
2618	0.9721505476	0.08167788392
2619	0.9721511518	0.08165268897
2620	0.9721497111	0.08163442249
2621	0.9721428214	0.08161953534
2622	0.9721411209	0.08161107853
2623	0.9721565819	0.08159317433
2624	0.9721964288	0.08156525101
2625	0.9722050193	0.08154693925
2626	0.972210136	0.08153783148
2627	0.9722238781	0.08152451795
2628	0.9722175375	0.08150966476
2629	0.9722321287	0.08147405447
2630	0.9722415881	0.08145244829
2631	0.9722728445	0.08143305536
2632	0.9722547482	0.08141815123
2633	0.9722708189	0.08138858637
2634	0.9722745897	0.08136541788
2635	0.9722364511	0.08133954933
2636	0.9722401881	0.08131938658
2637	0.9722390557	0.08130710893
2638	0.9722459296	0.08128140453
2639	0.9722820612	0.08127291376
2640	0.972278591	0.08126578151
2641	0.9723023727	0.08124985283
2642	0.9723011861	0.08124123752
2643	0.9723215481	0.0812294863
2644	0.9723415609	0.08120906316
2645	0.9723461638	0.08119880065
2646	0.9723604691	0.08118260026
2647	0.9723747918	0.08116581117
2648	0.972359273	0.08114443707
2649	0.9723991369	0.08111710811
2650	0.9724183471	0.08110600784
2651	0.97241691	0.08109727367
2652	0.9724372086	0.08108130536
2653	0.9724228819	0.08106615216
2654	0.9724621619	0.08104550261
2655	0.9724790443	0.08102963053
2656	0.9724715817	0.08102007558
2657	0.9724873533	0.08100158268
2658	0.9724933387	0.08098624835
2659	0.9724999837	0.08094524924
2660	0.9725014507	0.08092225624
2661	0.9725011537	0.08091574098
2662	0.9725234821	0.08090114818
2663	0.972524886	0.08089175739
2664	0.9725412416	0.08086269065
2665	0.9725486269	0.08084551099
2666	0.9725675584	0.0808216972
2667	0.9725336832	0.08080544021
2668	0.9725666602	0.08078700957
2669	0.9725698086	0.08077448852
2670	0.9725643363	0.08076732231
2671	0.9725841441	0.08074899356
2672	0.972581809	0.08072007965
2673	0.9725892533	0.08070832277
2674	0.9726004068	0.08068660337
2675	0.972606124	0.08064246835
2676	0.9726390828	0.08061358274
2677	0.9726404907	0.08059244072
2678	0.9726568315	0.0805769762
2679	0.9726478947	0.080557838
2680	0.972661629	0.08053186756
2681	0.972663939	0.08052235224
2682	0.9726805689	0.08051488602
2683	0.9727017206	0.08050104606
2684	0.9727123296	0.08047384163
2685	0.9727146201	0.08044592398
2686	0.9727610465	0.08042335551
2687	0.9727722336	0.08040828722
2688	0.9727639167	0.08040022099
2689	0.9727679046	0.08038877543
2690	0.9727590122	0.08037467509
2691	0.9727613297	0.08034927636
2692	0.9727636058	0.08033862893
2693	0.9727750641	0.08032037944
2694	0.972781914	0.08031107921
2695	0.9727807704	0.08030272995
2696	0.9728171722	0.08028615031
2697	0.9728119956	0.08027525948
2698	0.9728058804	0.08024798712
2699	0.9727998398	0.08023547739
2700	0.9728136328	0.08021791847
2701	0.9728087173	0.08020383511
2702	0.9728173062	0.08019068008
2703	0.9728305102	0.08018532523
2704	0.9728502788	0.0801629945
2705	0.972872354	0.08014660731
2706	0.9728734902	0.08013336737
2707	0.972869147	0.08011281971
2708	0.9728895807	0.08009215317
2709	0.972896981	0.08007112436
2710	0.9728897998	0.08006235622
2711	0.9729050092	0.08005068424
2712	0.9729127549	0.08003840093
2713	0.9729259746	0.08001725325
2714	0.9729331523	0.08000871153
2715	0.9729457403	0.07999179225
2716	0.9729770139	0.07997539375
2717	0.9729709723	0.07996933133
2718	0.9729832779	0.07995551402
2719	0.9730136117	0.07993402105
2720	0.9730351391	0.07991795651
2721	0.9730182318	0.07989889756
2722	0.9730194416	0.07988259528
2723	0.9730377886	0.07985403798
2724	0.9730397542	0.07983354692
2725	0.9730305431	0.07980793876
2726	0.9730494117	0.07978627597
2727	0.973059454	0.07976575661
2728	0.973057718	0.07974511271
2729	0.9730823274	0.07972980668
2730	0.9730960798	0.07971002885
2731	0.9731136616	0.0796919152
2732	0.9731190705	0.07966759197
2733	0.9731081316	0.07964839151
2734	0.9731113048	0.07963567233
2735	0.9731072639	0.07963062882
2736	0.9731101118	0.07961599639
2737	0.9731052104	0.07958493149
2738	0.9731014489	0.07956794994
2739	0.9730899944	0.07955765913
2740	0.9730916144	0.07953844168
2741	0.9731108317	0.07952246771
2742	0.9731050771	0.07951197312
2743	0.9731093185	0.07950214081
2744	0.9731133345	0.07949286322
2745	0.9731244645	0.07948509134
2746	0.9731256139	0.07947589866
2747	0.9731526445	0.07943900343
2748	0.9731649391	0.079428973
2749	0.9731790056	0.0794104801
2750	0.9731661246	0.0793871135
2751	0.9731770122	0.07936836022
2752	0.9731870526	0.07934840124
2753	0.9732139722	0.0793276781
2754	0.9731967255	0.07931110978
2755	0.973244621	0.07928893188
2756	0.973265009	0.07926990124
2757	0.9732586563	0.07924201754
2758	0.9732452327	0.07922708511
2759	0.9732555244	0.07919980709
2760	0.9732560925	0.07918494824
2761	0.9732770146	0.07915422863
2762	0.9732781508	0.07913837919
2763	0.9733108881	0.07912629965
2764	0.9733080243	0.079110337
2765	0.9733409764	0.07909153844
2766	0.9733392112	0.07908340994
2767	0.9733638739	0.07906478119
2768	0.9733613011	0.0790585716
2769	0.9733561271	0.07904825249
2770	0.9733742232	0.07902841238
2771	0.9733948991	0.07901666682
2772	0.9734143806	0.07899198698
2773	0.9733926141	0.07898217164
2774	0.9734356132	0.07895316717
2775	0.97347355	0.07893434596
2776	0.9734806601	0.07892588349
2777	0.9734769046	0.07891180579
2778	0.9734805994	0.07889984513
2779	0.9734742851	0.07888649198
2780	0.9734845724	0.078878188
2781	0.9734980659	0.07886062909
2782	0.9735195708	0.07883614736
2783	0.9735209782	0.07882544899
2784	0.9735264643	0.0788092203
2785	0.9735267143	0.07878952737
2786	0.9735382107	0.07878246305
2787	0.9735562605	0.07876111159
2788	0.973566867	0.07873905823
2789	0.9735880759	0.07871116321
2790	0.9735972891	0.07870146675
2791	0.9736219297	0.07868135495
2792	0.9736224978	0.07866810934
2793	0.9736359712	0.07865402598
2794	0.9736548828	0.07864036716
2795	0.9736594681	0.0786244781
2796	0.9736554366	0.0786141703
2797	0.9736594068	0.07860250399
2798	0.9736826619	0.07857618826
2799	0.9737098937	0.07855798404
2800	0.9737276301	0.07853102301
2801	0.97375115	0.07849562216
2802	0.9737652284	0.07848248411
2803	0.9737721384	0.07845438531
2804	0.9737784985	0.07843684904
2805	0.9737790702	0.07842125432
2806	0.9737549739	0.07840211047
2807	0.9737742338	0.07838494779
2808	0.9737770927	0.07836977761
2809	0.9737945728	0.07835808865
2810	0.9737905188	0.07833520885
2811	0.9737970978	0.07831955753
2812	0.9737804601	0.07830529869
2813	0.9738019758	0.07829297575
2814	0.9738232161	0.07827548477
2815	0.9738292058	0.07825983345
2816	0.9738507258	0.07824784448
2817	0.9738500877	0.07822858741
2818	0.9738778607	0.07821133982
2819	0.9738695683	0.07818958647
2820	0.9738700795	0.07816377452
2821	0.9738596541	0.07814184569
2822	0.9738564985	0.07812758685
2823	0.9738943269	0.07810663729
2824	0.9739112356	0.07808746513
2825	0.973916345	0.07807343272
2826	0.973919523	0.07805330393
2827	0.9739404788	0.07803995078
2828	0.9739372257	0.07802181449
2829	0.973940411	0.07800967835
2830	0.9739578578	0.07800225741
2831	0.973950395	0.07798970239
2832	0.9739498268	0.07798207202
2833	0.9739509631	0.07797441334
2834	0.9740089963	0.07795431286
2835	0.9739975004	0.07794711835
2836	0.9740003518	0.07793901815
2837	0.9740137999	0.07792364985
2838	0.9740204202	0.07791330243
2839	0.9740301317	0.07789992664
2840	0.9740154383	0.07788374323
2841	0.9740421516	0.0778785865
2842	0.9740617055	0.07786303141
2843	0.9740791829	0.07785088395
2844	0.9740628417	0.07783453638
2845	0.9740771262	0.07781528497
2846	0.9740854326	0.07780221485
2847	0.9740776561	0.07777301791
2848	0.9740704713	0.07776101762
2849	0.9740730975	0.07774155678
2850	0.974081118	0.07772331294
2851	0.9740946192	0.07770686349
2852	0.9741003601	0.0776902329
2853	0.9741123574	0.07766965127
2854	0.9741287102	0.07765407353
2855	0.9741241054	0.07764551484
2856	0.9741274578	0.07763083146
2857	0.9741300121	0.07761225931
2858	0.9741566052	0.07758879648
2859	0.974177871	0.07756576385
2860	0.9741801398	0.07755162955
2861	0.9741890257	0.07754191611
2862	0.9742331688	0.07752893089
2863	0.9742400609	0.07751273616
2864	0.9742515051	0.07749498478
2865	0.9742592515	0.07748674308
2866	0.9742506052	0.07747672963
2867	0.9742474931	0.07745809521
2868	0.9742457318	0.07745013087
2869	0.974242541	0.0774284228
2870	0.9742480222	0.07740942045
2871	0.9742661481	0.07739921455
2872	0.9742712782	0.07739399555
2873	0.9742784566	0.07737825932
2874	0.9742835731	0.07736290801
2875	0.9743016604	0.07733941688
2876	0.9743050654	0.07732757508
2877	0.9743349388	0.07731171998
2878	0.9743305367	0.0772943422
2879	0.9743322846	0.07727624554
2880	0.9743402555	0.07725671677
2881	0.9743540368	0.07724418439
2882	0.9743287792	0.07723147087
2883	0.9743537514	0.07721424027
2884	0.9743715634	0.07720368341
2885	0.9743689412	0.07718286404
2886	0.9743723498	0.07716605797
2887	0.9743758024	0.07715942385
2888	0.9743914971	0.07714325176
2889	0.9744112118	0.07711336425
2890	0.9744256199	0.07709971675
2891	0.9744342206	0.07706757069
2892	0.9744410585	0.07705127973
2893	0.974464881	0.07703289438
2894	0.974462311	0.07702446021
2895	0.9744628827	0.07701364863
2896	0.9744738302	0.07699625387
2897	0.9744637715	0.07697854778
2898	0.9744821163	0.07696315119
2899	0.9744955585	0.07694674136
2900	0.9744993514	0.07693395425
2901	0.9744921652	0.07692690125
2902	0.9744938659	0.07690900271
2903	0.9744746068	0.07688722105
2904	0.9745159345	0.07688083599
2905	0.9745026878	0.07686050908
2906	0.9745112741	0.07684334641
2907	0.9745007167	0.07683492922
2908	0.9745393385	0.07681701369
2909	0.9745416216	0.07681147771
2910	0.9745418687	0.07679612074
2911	0.9745493297	0.07678897151
2912	0.974581755	0.0767688597
2913	0.9745450204	0.07674657426
2914	0.9745786434	0.07672665491
2915	0.974594999	0.07670243357
2916	0.9746050294	0.07667916886
2917	0.9746095849	0.0766642251
2918	0.9745823153	0.07664708506
2919	0.9745983957	0.07664206985
2920	0.9746066763	0.07663048277
2921	0.9746347138	0.07660721806
2922	0.9746356062	0.07659850087
2923	0.9746383758	0.07657435312
2924	0.9746237317	0.07655510737
2925	0.9746398002	0.07653462763
2926	0.9746461291	0.07651681399
2927	0.9746630493	0.0765074798
2928	0.9746504054	0.07649452855
2929	0.9746636611	0.07648261316
2930	0.9746960716	0.07646671844
2931	0.974731338	0.07644966331
2932	0.9747378939	0.07643505919
2933	0.9747628616	0.07641618703
2934	0.974776935	0.07640329238
2935	0.9747895207	0.07639065245
2936	0.9747981263	0.076379105
2937	0.9748012618	0.07636445559
2938	0.9748360157	0.07634067577
2939	0.9748434745	0.0763296774
2940	0.9748528903	0.07631430344
2941	0.9748540371	0.07630190691
2942	0.9748482897	0.07629334822
2943	0.974844578	0.07627783841
2944	0.9748568954	0.07626263993
2945	0.9748482826	0.07625151702
2946	0.9748602861	0.07623828274
2947	0.9748531232	0.07622458429
2948	0.9748669012	0.07621077264
2949	0.9748622822	0.07618922872
2950	0.9748697411	0.07617993416
2951	0.9748576636	0.07616312809
2952	0.9748639864	0.07614985985
2953	0.9748610828	0.07613635952
2954	0.9748758078	0.07612663476
2955	0.9749036166	0.07610909848
2956	0.9748967257	0.0760836941
2957	0.9749064641	0.07607644298
2958	0.9748812731	0.07606473704
2959	0.9749113506	0.07605014423
2960	0.9749101513	0.07603221738
2961	0.9749087694	0.07601399053
2962	0.9749195861	0.07600554504
2963	0.9749246946	0.07598852953
2964	0.9749221151	0.07597288387
2965	0.9749350498	0.07596247419
2966	0.9749597238	0.0759427756
2967	0.9749723552	0.07592018449
2968	0.9749646031	0.07590943517
2969	0.9749910231	0.07589051207
2970	0.9749884347	0.07585977548
2971	0.9750036006	0.0758456242
2972	0.9750093039	0.07583111064
2973	0.9750009834	0.07581202338
2974	0.9750095819	0.0758029892
2975	0.9750026841	0.0757820453
2976	0.9750279273	0.07576591284
2977	0.9750290671	0.07576116367
2978	0.9750339194	0.07575206156
2979	0.9750313429	0.07573938201
2980	0.9750313677	0.07572285331
2981	0.9750508528	0.07571201342
2982	0.9750517553	0.07569927727
2983	0.9750683811	0.0756850807
2984	0.9750772594	0.07566282355
2985	0.9750878562	0.07564899492
2986	0.9751054803	0.07562681136
2987	0.9750954413	0.0756161979
2988	0.9751034566	0.07560504103
2989	0.9751080579	0.07559692951
2990	0.9750973671	0.07557461576
2991	0.9751039836	0.07555882859
2992	0.9750996905	0.07554375464
2993	0.9750996976	0.07554119043
2994	0.9751042987	0.07552889579
2995	0.9751154153	0.07551849743
2996	0.9751134409	0.07550269327
2997	0.9751200717	0.07549175716
2998	0.9751111191	0.07547107364
2999	0.9751205351	0.07546126963
3000	0.9751119102	0.07545136373
3001	0.9751141895	0.07544204086
3002	0.975125057	0.07542915187
3003	0.9751267752	0.07541193825
3004	0.9751388088	0.07539777564
3005	0.9751469548	0.07538327907
3006	0.975161175	0.07537320901
3007	0.9751720204	0.0753545463
3008	0.9751488035	0.0753373723
3009	0.9751461999	0.07532705884
3010	0.9751484316	0.07530454132
3011	0.9751696242	0.0752785822
3012	0.9751742356	0.07526738004
3013	0.9751636358	0.0752561326
3014	0.9751845849	0.07524654369
3015	0.9752173519	0.07523326412
3016	0.975244753	0.07520586158
3017	0.9752510972	0.07519943689
3018	0.9752378756	0.07517505706
3019	0.9752493187	0.07515884535
3020	0.9752432668	0.07514404876
3021	0.9752814217	0.07512605965
3022	0.97527537	0.0751015383
3023	0.9752965244	0.07508220765
3024	0.9752962597	0.0750660865
3025	0.9753045626	0.07503518009
3026	0.9753016582	0.07502344019
3027	0.9753050632	0.07501318334
3028	0.9753320402	0.07500028303
3029	0.9753403681	0.07498666949
3030	0.975353575	0.07497536544
3031	0.9753576295	0.07495477815
3032	0.9753581872	0.07494748175
3033	0.975357051	0.07493683998
3034	0.9753338224	0.07491559607
3035	0.9753375195	0.07489730129
3036	0.9753363903	0.07489043509
3037	0.9753435822	0.07488039334
3038	0.9753567284	0.07486560241
3039	0.9753908209	0.07484374151
3040	0.9753882517	0.07483674511
3041	0.9753916603	0.07482975438
3042	0.9753991686	0.07481209358
3043	0.9754062965	0.07479975365
3044	0.9753941532	0.07477890598
3045	0.9753797835	0.0747432221
3046	0.9754168084	0.07472944441
3047	0.9754128284	0.07471696298
3048	0.9754386195	0.07468468106
3049	0.9754377515	0.07467819411
3050	0.9754294236	0.07466932409
3051	0.9754360858	0.07466085596
3052	0.9754518058	0.07464784244
3053	0.9754400082	0.07463955545
3054	0.9754603495	0.07462743629
3055	0.9754681025	0.07461708321
3056	0.975497128	0.07460040733
3057	0.9755002082	0.07458498243
3058	0.97550426	0.07457527465
3059	0.9755246475	0.07455671382
3060	0.9755122607	0.07454424371
3061	0.9755053106	0.07453513028
3062	0.9755153325	0.07451296371
3063	0.9755102008	0.07449932753
3064	0.9755434153	0.0744881933
3065	0.9755486246	0.07447030608
3066	0.9755532376	0.07445935298
3067	0.975560423	0.0744478961
3068	0.9755673188	0.07443631469
3069	0.9755816922	0.07441658214
3070	0.9755675599	0.07439631184
3071	0.9755971416	0.07438118694
3072	0.975579122	0.07436533184
3073	0.9755885905	0.0743549165
3074	0.9756055021	0.07434278035
3075	0.9756043659	0.07433511036
3076	0.9756212377	0.07432293459
3077	0.9756298413	0.07430768517
3078	0.9756566641	0.07428319212
3079	0.9756583718	0.07427710141
3080	0.9756489457	0.07426627851
3081	0.975656128	0.07425309517
3082	0.9756821899	0.07423917597
3083	0.9756732896	0.07422135667
3084	0.9756853635	0.07421218663
3085	0.9756988086	0.07420500344
3086	0.9757224141	0.07418050474
3087	0.9757128974	0.07415540036
3088	0.9757140336	0.07414802471
3089	0.975722682	0.07413406022
3090	0.9757378866	0.07412338449
3091	0.975768259	0.07410271229
3092	0.9757826128	0.07408699304
3093	0.9757788675	0.07407608523
3094	0.9757868931	0.0740658397
3095	0.9757980663	0.07405109972
3096	0.9757888492	0.07403770129
3097	0.9757906121	0.07402388963
3098	0.9758066262	0.07401285729
3099	0.9758000694	0.07400685715
3100	0.9758000728	0.07400267969
3101	0.9758075441	0.07398949069
3102	0.9757971635	0.07396632787
3103	0.9758112392	0.07395620121
3104	0.9758469902	0.07392659672
3105	0.9758504057	0.07391106427
3106	0.9758521202	0.0738995055
3107	0.9758426411	0.07388312963
3108	0.9758658202	0.0738625763
3109	0.9758666848	0.07384712876
3110	0.9758580908	0.07384224374
3111	0.9758523338	0.07383180575
3112	0.9758698182	0.07382037151
3113	0.9758704487	0.07380902784
3114	0.9758844829	0.07379481995
3115	0.9758830606	0.07378428573
3116	0.9758813426	0.07377217223
3117	0.9758933355	0.07375673035
3118	0.9758955533	0.07374616217
3119	0.975868055	0.07372626546
3120	0.9758691253	0.07370754614
3121	0.9758946155	0.07368956269
3122	0.9758968811	0.0736813323
3123	0.9758914165	0.07365983933
3124	0.9759155733	0.07364502577
3125	0.9759218986	0.07363372738
3126	0.9759408643	0.07362643098
3127	0.9759302658	0.0736154609
3128	0.9759466181	0.07360522103
3129	0.9759511806	0.07360050016
3130	0.9759623676	0.07358904894
3131	0.9759443559	0.07357869586
3132	0.9759735397	0.07355857274
3133	0.9759717592	0.07355223862
3134	0.975984893	0.07354036286
3135	0.976000109	0.07353368912
3136	0.9760100768	0.07351452828
3137	0.9760402823	0.07350137324
3138	0.9760471759	0.07349289379
3139	0.9760635809	0.07347590659
3140	0.9760706492	0.07345756086
3141	0.9760706492	0.07344600209
3142	0.9760769714	0.07344255484
3143	0.9760965516	0.07341922786
3144	0.9761010998	0.07340684266
3145	0.9760862284	0.0733884007
3146	0.976081899	0.07336539071
3147	0.9760772741	0.07335969623
3148	0.9761047965	0.07333978821
3149	0.9760987425	0.07332471992
3150	0.9760946367	0.07331359135
3151	0.9761159003	0.07330327789
3152	0.9761239238	0.07329115307
3153	0.9761325154	0.07326475809
3154	0.9761500184	0.07324578971
3155	0.9761531616	0.07323198372
3156	0.9761761064	0.0732166324
3157	0.9761755383	0.07321158322
3158	0.9761801635	0.07320113957
3159	0.9761864828	0.07319452809
3160	0.976219433	0.07315814797
3161	0.9762194297	0.07314948172
3162	0.9762372326	0.07312993597
3163	0.9762593586	0.07311020908
3164	0.9762656044	0.07309799369
3165	0.9762859387	0.07308121592
3166	0.976282456	0.07307072133
3167	0.9762904936	0.07305364922
3168	0.9762979564	0.07304560563
3169	0.9762927761	0.07303696202
3170	0.9763143244	0.07302406171
3171	0.9763171682	0.07301413317
3172	0.9763257774	0.07300115361
3173	0.9763436117	0.07298858727
3174	0.9763538379	0.07297800211
3175	0.9763586854	0.07296441688
3176	0.9763583929	0.07295673556
3177	0.9763760955	0.07294054649
3178	0.97638179	0.07291794972
3179	0.9763832186	0.0729074438
3180	0.9763912631	0.07289861906
3181	0.9763946143	0.07288304699
3182	0.9763968867	0.07287650909
3183	0.9764052135	0.07286500693
3184	0.976411537	0.07284779897
3185	0.9764158603	0.07283294012
3186	0.9764342625	0.07282153984
3187	0.9764411574	0.07280999239
3188	0.9764417321	0.07280121293
3189	0.9764597949	0.07278468423
3190	0.9764695404	0.07277361793
3191	0.9764537909	0.0727582836
3192	0.9764561343	0.07275168344
3193	0.9764807594	0.07274286436
3194	0.9765037879	0.07272707718
3195	0.9764979235	0.07270904278
3196	0.9764918718	0.07269177822
3197	0.9765099315	0.07268218365
3198	0.9765136911	0.07265985292
3199	0.9764990726	0.07264325629
3200	0.9764979397	0.07263326548
3201	0.9765127947	0.07261687829
3202	0.9765064713	0.07260997813
3203	0.9765268978	0.07259350037
3204	0.9765346576	0.07258774363
3205	0.9765777146	0.07256441099
3206	0.9765722368	0.07255290316
3207	0.9765837508	0.07254441805
3208	0.9766066767	0.07253684995
3209	0.9766198985	0.07250914173
3210	0.9766175712	0.07249274322
3211	0.9766256025	0.07247989385
3212	0.9765948201	0.07246736148
3213	0.9766352992	0.0724529215
3214	0.9766379036	0.07244361562
3215	0.9766341946	0.07243846455
3216	0.9766482786	0.07242436421
3217	0.9766482786	0.07241831312
3218	0.9766657291	0.07240173914
3219	0.976673189	0.07239167474
3220	0.9766918247	0.07238372738
3221	0.97670244	0.07237326109
3222	0.9767050537	0.07236358161
3223	0.9766952442	0.07234049803
3224	0.9767169643	0.07231830316
3225	0.9767180972	0.0723066142
3226	0.9766933376	0.07229291009
3227	0.9767022895	0.07227178505
3228	0.9767258416	0.07225801868
3229	0.9767502266	0.07224794863
3230	0.9767656863	0.07222667076
3231	0.976756718	0.07221355535
3232	0.9768131798	0.0722033551
3233	0.9768089391	0.0721956285
3234	0.9768252854	0.07218383765
3235	0.9768263897	0.07217392043
3236	0.9768431156	0.0721562483
3237	0.9768622737	0.0721439197
3238	0.9768657542	0.07213216848
3239	0.9768812014	0.07211415106
3240	0.9768603227	0.07209862993
3241	0.9768614231	0.07207776527
3242	0.9768700917	0.07206708388
3243	0.9769007921	0.07205460811
3244	0.9768933217	0.07203515292
3245	0.9769064832	0.07201991482
3246	0.9769053403	0.07200927305
3247	0.9768901306	0.07200389557
3248	0.9768918349	0.07199961056
3249	0.9768866634	0.07198254411
3250	0.9769101572	0.07197081552
3251	0.9769101157	0.07192860507
3252	0.9769333125	0.07191409151
3253	0.9769484773	0.0719025667
3254	0.97699722	0.07188149827
3255	0.9770000726	0.07186622054
3256	0.9770000726	0.07185854489
3257	0.9770092413	0.07185159377
3258	0.9770290489	0.07183213293
3259	0.9770207838	0.07182665921
3260	0.9770164561	0.07180563606
3261	0.9770050411	0.07178338458
3262	0.9770044664	0.07177930335
3263	0.9769893625	0.0717655483
3264	0.9770180971	0.07175617449
3265	0.9770094215	0.07173768725
3266	0.9770093052	0.07172351332
3267	0.9770009729	0.07171866226
3268	0.977008969	0.07169869763
3269	0.9770140985	0.07169406733
3270	0.9770231182	0.07167945188
3271	0.9770187725	0.0716741876
3272	0.9770377262	0.0716622609
3273	0.9770451972	0.07164773602
3274	0.9770614949	0.071633647
3275	0.9770697987	0.0716191108
3276	0.9770746437	0.07160662937
3277	0.9770680894	0.07159846125
3278	0.9770683221	0.07158233444
3279	0.9770852618	0.07157234929
3280	0.977088099	0.07156521705
3281	0.977104474	0.07154522411
3282	0.9771147791	0.07152974261
3283	0.9771159203	0.0715132139
3284	0.9771007489	0.07150368726
3285	0.9771193833	0.0714874246
3286	0.9771513861	0.071467126
3287	0.9771482342	0.07145042182
3288	0.9771567808	0.07143307801
3289	0.9771867158	0.07141480021
3290	0.9771939057	0.0714022282
3291	0.9771826629	0.07139107133
3292	0.9771938943	0.07136803304
3293	0.9772061456	0.07135620256
3294	0.9772050062	0.07134039275
3295	0.9772061359	0.07133109819
3296	0.9772247872	0.07132146965
3297	0.9772291669	0.07131149016
3298	0.9772282574	0.07129895213
3299	0.9772210772	0.07128473291
3300	0.9772316824	0.07127491192
3301	0.9772603514	0.07125850209
3302	0.977254029	0.0712498132
3303	0.9772482648	0.07123956201
3304	0.9772451248	0.07123133729
3305	0.9772520185	0.07120834994
3306	0.9772698559	0.07118850984
3307	0.9772460214	0.07118187005
3308	0.9772571915	0.07116465077
3309	0.9772456831	0.0711561883
3310	0.977251434	0.07114145398
3311	0.9772554173	0.07112732534
3312	0.9772580345	0.07111823455
3313	0.9772839255	0.07109355471
3314	0.9772646617	0.07107732602
3315	0.9772634969	0.07106106902
3316	0.9772712101	0.07103701184
3317	0.9772749352	0.07101689437
3318	0.9772976906	0.0710046903
3319	0.9773061517	0.07097997084
3320	0.9773090242	0.07096851396
3321	0.9773276712	0.07095598724
3322	0.9773416886	0.07094183595
3323	0.9773628998	0.07091301262
3324	0.977362335	0.07090602754
3325	0.9773857741	0.07088554214
3326	0.977379494	0.07087102292
3327	0.9773829206	0.07084930353
3328	0.9774053878	0.07083959575
3329	0.9774276742	0.07082322554
3330	0.9774241952	0.07080844594
3331	0.9774250335	0.07078436045
3332	0.9774422056	0.07077591497
3333	0.977450814	0.07075805604
3334	0.9774619878	0.07074526894
3335	0.9774640377	0.07072789682
3336	0.9774628374	0.07071270967
3337	0.9774769387	0.07070106599
3338	0.9774662688	0.07068986949
3339	0.9774685477	0.07067688427
3340	0.9774745298	0.07066336696
3341	0.9774661949	0.07064411556
3342	0.9774848311	0.07062352827
3343	0.9774813023	0.07059902956
3344	0.9775028382	0.07058631039
3345	0.9775539759	0.07056419476
3346	0.9775706271	0.07055906067
3347	0.9775587955	0.07054366407
3348	0.9775898138	0.07052992601
3349	0.977585187	0.07050315177
3350	0.9775987145	0.07049611009
3351	0.9776132974	0.07047038872
3352	0.9776167092	0.0704653735
3353	0.9776279549	0.07045349208
3354	0.9776160407	0.07043741622
3355	0.9776415825	0.07042242152
3356	0.9776456219	0.07040269463
3357	0.97766626	0.0703929359
3358	0.9776562186	0.07038436589
3359	0.9776659506	0.07037142595
3360	0.977658756	0.07036262385
3361	0.9776734168	0.0703543029
3362	0.9776851692	0.07034730084
3363	0.9777058453	0.07033704399
3364	0.9777205129	0.07032953815
3365	0.9777136147	0.07031754918
3366	0.9777102735	0.07031155469
3367	0.9777415012	0.07029528638
3368	0.9777515864	0.07027810672
3369	0.9777466701	0.07027218582
3370	0.9777561441	0.07026296484
3371	0.9777639757	0.07024579084
3372	0.977771945	0.07022108836
3373	0.9777662183	0.07018725547
3374	0.9777615988	0.07017744579
3375	0.9777768157	0.07016598891
3376	0.9777626439	0.07014031848
3377	0.977785934	0.07013132393
3378	0.9777962666	0.07012259541
3379	0.9777719937	0.07009771179
3380	0.9777691469	0.07009113994
3381	0.9777998712	0.07007568673
3382	0.9778049405	0.07005478812
3383	0.9778129816	0.07004675585
3384	0.9778153388	0.07002881768
3385	0.9778092829	0.07000583033
3386	0.9778135593	0.06999733956
3387	0.9778264449	0.06998231089
3388	0.9778468662	0.06996686901
3389	0.9778510907	0.06994945727
3390	0.9778473761	0.06993571354
3391	0.9778442423	0.06991513757
3392	0.9778677328	0.06990227122
3393	0.9778781014	0.06989181059
3394	0.9778815227	0.06988208017
3395	0.9779108507	0.0698615325
3396	0.9779210993	0.06984416039
3397	0.9779222386	0.06983937725
3398	0.9779147654	0.06982796
3399	0.9778975374	0.06981047467
3400	0.977946905	0.06978308344
3401	0.9779442603	0.06977034728
3402	0.9779373024	0.06975757716
3403	0.977955954	0.06974394665
3404	0.9779714524	0.06973153314
3405	0.9779725853	0.069715712
3406	0.9779763529	0.06969780214
3407	0.977965739	0.06967843752
3408	0.9779634667	0.06966767688
3409	0.9779459016	0.06965837099
3410	0.9779642663	0.06964496124
3411	0.9779700319	0.06963637424
3412	0.9779780731	0.06962881179
3413	0.9779869669	0.06960906792
3414	0.9779990567	0.06960560934
3415	0.9779886646	0.06959415812
3416	0.9779956387	0.06958405977
3417	0.9780035916	0.06957732941
3418	0.9780168175	0.06956874808
3419	0.9780282318	0.06955209484
3420	0.9780282415	0.06953964171
3421	0.9780299587	0.06952577345
3422	0.978024454	0.06951026364
3423	0.9780344872	0.06950000113
3424	0.9780522676	0.06947825344
3425	0.9780427991	0.06946427197
3426	0.9780338564	0.06945547553
3427	0.9780531986	0.06943229006
3428	0.9780491597	0.06942575783
3429	0.9780637599	0.06942051619
3430	0.9780881095	0.06940077232
3431	0.9780815938	0.0693855512
3432	0.9780979085	0.06937588304
3433	0.978113401	0.06935546557
3434	0.9781332069	0.06933679153
3435	0.9781268557	0.06932278176
3436	0.9781340521	0.06930773045
3437	0.9781311455	0.06929975479
3438	0.9781258859	0.06928499783
3439	0.9781683821	0.06926870687
3440	0.9781850838	0.06924900262
3441	0.9781819032	0.06924197226
3442	0.9781775503	0.06923571739
3443	0.9781970913	0.06921543011
3444	0.9781855718	0.06919347297
3445	0.9781858329	0.06918464257
3446	0.9781984458	0.06917102338
3447	0.9782113464	0.06915609094
3448	0.9782147905	0.06914693789
3449	0.9782553601	0.06911708434
3450	0.9782656618	0.0691091766
3451	0.9782862937	0.06909618006
3452	0.9782776883	0.06908662511
3453	0.9782912168	0.06907599467
3454	0.9782946524	0.06907026056
3455	0.9783191141	0.06904640716
3456	0.9783161238	0.06903458234
3457	0.9783112444	0.06901644606
3458	0.9783088954	0.06900752509
3459	0.9783318766	0.06898745857
3460	0.9783364242	0.06897121289
3461	0.9783369891	0.06895939374
3462	0.9783542642	0.06895303132
3463	0.9783424397	0.06893867625
3464	0.9783663469	0.06892343249
3465	0.9783835817	0.06890101685
3466	0.9783944644	0.06889164304
3467	0.9783832812	0.06888048051
3468	0.9783944517	0.06887000856
3469	0.9783837661	0.06885799695
3470	0.9783863388	0.06884638723
3471	0.9784064813	0.06883273407
3472	0.9784294632	0.06882072812
3473	0.9784242705	0.06881366946
3474	0.9784118836	0.06879437277
3475	0.9784227696	0.06877797992
3476	0.9784306795	0.06876613813
3477	0.9784553769	0.06874813769
3478	0.9784416272	0.06873755253
3479	0.9784284017	0.06873132596
3480	0.978424681	0.06871270287
3481	0.9784646735	0.06870317057
3482	0.9784669489	0.06869693268
3483	0.9784625852	0.06867825298
3484	0.97847262	0.06866400547
3485	0.9784800143	0.06864958814
3486	0.9784857749	0.06863518779
3487	0.9784946737	0.06862284787
3488	0.9785009475	0.06861297594
3489	0.9785092474	0.06860339269
3490	0.9784957114	0.06858803571
3491	0.9784957177	0.06857681091
3492	0.9785060569	0.0685605992
3493	0.9785187269	0.06854438183
3494	0.9785230044	0.06853638918
3495	0.9785345196	0.06852714556
3496	0.9785411589	0.06850626959
3497	0.9785371117	0.06850004868
3498	0.9785462161	0.06849216358
3499	0.9785631357	0.0684834747
3500	0.9785849966	0.06846937435
